pokedex,ch,type,hp,at,de,st,sd,sp,speciesStrength,basePoints,imgPosition,ability,sex,captureRate,eggGroup,eggStep,exp,color,getway
#001,妙蛙种子,4;7,45,49,49,65,65,45,318,0;0;0;1;0;0,0;2,发芽,87.5?12.5,45%,怪兽/植物,"5,120",64,绿色,——
#002,妙蛙草,4;7,60,62,63,80,80,60,405,0;0;0;1;1;0,0;3,发芽,87.5?12.5,45%,怪兽/植物,"5,120",142,绿色,——妙蛙种子[1]16级进化
#003,妙蛙花,4;7,80,82,83,100,100,80,525,0;0;0;2;1;0,0;4,发芽,87.5?12.5,45%,怪兽/植物,"5,120",236,绿色,——妙蛙草[2]32级进化
#004,小火龙,1,39,52,43,60,50,65,309,0;0;0;0;0;1,0;6,猛火,87.5?12.5,45%,怪兽/龙,"5,120",62,红色,——
#005,火恐龙,1,58,64,58,80,65,80,405,0;0;0;1;0;1,0;7,猛火,87.5?12.5,45%,怪兽/龙,"5,120",142,红色,——小火龙[4]16级进化
#006,喷火龙,1;9,78,84,78,109,85,100,534,0;0;0;3;0;0,0;8,猛火,87.5?12.5,45%,怪兽/龙,"5,120",240,红色,——火恐龙[5]36级进化
#007,杰尼龟,2,44,48,65,50,64,43,314,0;0;1;0;0;0,0;12,激流,87.5?12.5,45%,怪兽/水1,"5,120",63,蓝色,——
#008,卡咪龟,2,59,63,80,65,80,58,405,0;0;1;0;1;0,0;13,激流,87.5?12.5,45%,怪兽/水1,"5,120",142,蓝色,——杰尼龟[7]16级进化
#009,水箭龟,2,79,83,100,85,105,78,530,0;0;0;0;3;0,0;14,激流,87.5?12.5,45%,怪兽/水1,"5,120",239,蓝色,——卡咪龟[8]36级进化
#010,绿毛虫,11,45,30,35,20,20,45,195,1;0;0;0;0;0,0;16,鳞粉,50?50,255%,虫,"3,840",39,绿色,铁甲蛹[11]/巴大蝴[12]生蛋
#011,铁甲蛹,11,50,20,55,25,25,30,205,0;0;2;0;0;0,0;17,脱皮,50?50,120%,虫,"3,840",72,绿色,12号路（限白），绿毛虫[10]7级进化，广阔的天空（梦境）
#012,巴大蝴,11;9,60,45,50,80,80,70,385,0;0;0;2;1;0,0;18,复眼,50?50,45%,虫,"3,840",173,白色,12号路（抖草、限白），铁甲蛹[11]10级进化
#013,独角虫,11;7,40,35,30,20,20,50,195,0;0;0;0;0;1,0;20,鳞粉,50?50,255%,虫,"3,840",39,褐色,铁壳蛹[14]/大针蜂[15]生蛋
#014,铁壳昆,11;7,45,25,50,25,25,35,205,0;0;2;0;0;0,0;21,脱皮,50?50,120%,虫,"3,840",72,黄色,12号路（限黑），独角虫[13]7级进化
#015,大针蜂,11;7,65,80,40,45,80,75,385,0;2;0;0;1;0,0;22,虫之预感,50?50,45%,虫,"3,840",173,黄色,12号路（抖草、限黑），铁壳昆[14]10级进化
#016,波波,0;9,40,45,40,35,35,56,251,0;0;0;0;0;1,0;24,"明锐目光,千鸟足",50?50,255%,飞行,"3,840",50,褐色,白森林（限白），广阔天空（梦境）
#017,比比鸟,0;9,63,60,55,50,50,71,349,0;0;0;0;0;2,0;25,"明锐目光,千鸟足",50?50,120%,飞行,"3,840",122,褐色,波波[16]18级进化
#018,比雕,0;9,83,80,75,70,70,91,469,0;0;0;0;0;3,0;26,"明锐目光,千鸟足",50?50,45%,飞行,"3,840",211,褐色,比比鸟[17]36级进化
#019,小拉达,0,30,56,35,25,35,72,253,0;0;0;0;0;1,0;28,"逃足,根性",50?50,255%,地面,"3,840",51,紫色,拉达[20]生蛋，小小森林（梦境）
#020,拉达,0,55,81,60,50,70,97,413,0;0;0;0;0;2,1;0,"逃足,根性",50?50,127%,地面,"3,840",145,褐色,梦之遗迹（通关），小拉达[19]20级进化
#021,烈雀,0;9,40,60,30,31,31,70,262,0;0;0;0;0;1,1;3,明锐目光,50?50,255%,飞行,"3,840",52,褐色,大嘴雀[22]生蛋，广阔天空（梦境）
#022,大嘴雀,0;9,65,90,65,61,61,100,442,0;0;0;0;0;2,1;4,明锐目光,50?50,90%,飞行,"3,840",155,褐色,15号路，烈雀[21]20级进化
#023,阿柏蛇,7,35,60,44,40,54,55,288,0;1;0;0;0;0,1;5,"威吓,脱皮",50?50,255%,地面/龙,"5,120",58,紫色,——
#024,阿柏怪,7,60,85,69,65,79,80,438,0;2;0;0;0;0,1;6,"威吓,脱皮",50?50,90%,地面/龙,"5,120",153,紫色,——阿柏蛇[23]22级进化
#025,皮卡丘,3,35,55,30,50,40,90,300,0;0;0;0;0;2,1;7,静电,50?50,190%,地面/妖精,"2,560",105,黄色,——皮丘[172]亲密进化
#026,雷丘,3,60,90,55,90,80,100,475,0;0;0;0;0;3,1;23,静电,50?50,75%,地面/妖精,"2,560",214,黄色,——皮卡丘[25]雷之石进化
#027,穿山鼠,8,50,75,85,20,30,40,300,0;0;1;0;0;0,1;25,沙遁,50?50,255%,地面,"5,120",60,黄色,穿山王[28]生蛋
#028,穿山王,8,75,100,110,45,55,65,450,0;0;2;0;0;0,1;27,沙遁,50?50,90%,地面,"5,120",158,黄色,古代之城，穿山鼠[27]22级进化
#029,尼多兰,7,55,47,52,40,40,41,275,1;0;0;0;0;0,1;29,"毒刺,斗争心",0?100,235%,怪兽/地面,"5,120",55,蓝色,白森林（限白），小小森林（梦境）
#030,尼多娜,7,70,62,67,55,55,56,365,2;0;0;0;0;0,2;0,"毒刺,斗争心",0?100,120%,不能生蛋,"5,120",128,蓝色,尼多兰[29]16级进化
#031,尼多后,7;8,90,82,87,75,85,76,495,3;0;0;0;0;0,2;1,"毒刺,斗争心",0?100,45%,不能生蛋,"5,120",223,蓝色,尼多娜[30]月之石进化
#032,尼多朗,7,46,57,40,40,40,50,273,0;1;0;0;0;0,2;2,"毒刺,斗争心",100?0,235%,怪兽/地面,"5,120",55,紫色,白森林（限白），小小森林（梦境）
#033,尼多诺,7,61,72,57,55,55,65,365,0;2;0;0;0;0,2;3,"毒刺,斗争心",100?0,120%,怪兽/地面,"5,120",128,紫色,尼多朗[32]16级进化
#034,尼多王,7;8,81,92,77,85,75,85,495,0;3;0;0;0;0,2;4,"毒刺,斗争心",100?0,45%,怪兽/地面,"5,120",223,紫色,尼多诺[33]月之石进化
#035,皮皮,17,70,45,48,60,65,35,323,2;0;0;0;0;0,2;5,"诱人躯体,魔法防御",25?75,150%,妖精,"2,560",113,粉红,巨人洞穴，皮宝宝[173]亲密进化
#036,皮可西,17,95,70,73,85,90,60,473,3;0;0;0;0;0,2;6,"诱人躯体,魔法防御",25?75,25%,妖精,"2,560",213,粉红,巨人洞穴（抖草），皮皮[35]月之石进化
#037,六尾,1,38,41,40,50,65,65,299,0;0;0;0;0;1,2;7,引火,25?75,190%,地面,"5,120",60,褐色,丰收神社，小小森林（梦境）
#038,九尾,1,73,76,75,81,100,100,505,0;0;0;0;1;1,2;9,引火,25?75,75%,地面,"5,120",177,黄色,丰收神社（抖草），六尾[37]火之石进化
#039,胖丁,0;17,115,45,20,45,25,20,270,2;0;0;0;0;0,2;11,诱人躯体,25?75,170%,妖精,"2,560",95,粉红,14号路，宝宝丁[174]亲密进化
#040,胖可丁,0;17,140,70,45,75,50,45,425,3;0;0;0;0;0,2;12,诱人躯体,25?75,50%,妖精,"2,560",191,粉红,14号路（抖草），胖丁[39]月之石进化
#041,超音蝠,7;9,40,45,35,30,40,55,245,0;0;0;0;0;1,2;13,精神力,50?50,255%,飞行,"3,840",49,紫色,大嘴蝠[42]生蛋，广阔天空（梦境）
#042,大嘴蝠,7;9,75,80,70,65,75,90,455,0;0;0;0;0;2,2;14,精神力,50?50,90%,飞行,"3,840",159,紫色,13号路、巨人洞穴，超音蝠[41]22级进化
#043,走路草,4;7,45,50,55,75,65,30,320,0;0;0;1;0;0,2;15,叶绿素,50?50,255%,植物,"5,120",64,蓝色,白森林（限白），小小森林（梦境）
#044,臭臭花,4;7,60,65,70,85,75,40,395,0;0;0;2;0;0,2;16,叶绿素,50?50,120%,植物,"5,120",138,蓝色,走路草[43]21级进化
#045,霸王花,4;7,75,80,85,100,90,50,480,0;0;0;3;0;0,2;17,叶绿素,50?50,45%,植物,"5,120",216,红色,臭臭花[44]叶之石进化
#046,派拉斯,11;4,35,70,55,45,55,25,285,0;1;0;0;0;0,2;18,"孢子,干燥皮肤",50?50,190%,虫/植物,"5,120",57,红色,11号路（情报、限白）
#047,派拉斯特,11;4,60,95,80,60,80,30,405,0;2;1;0;0;0,2;19,"孢子,干燥皮肤",50?50,75%,虫/植物,"5,120",142,红色,派拉斯[46]24级进化
#048,毛球,11;7,60,55,50,40,55,45,305,0;0;0;0;1;0,2;20,"复眼,有色眼睛",50?50,190%,虫,"5,120",61,紫色,末入蛾[49]生蛋
#049,末入蛾,11;7,70,65,60,90,75,90,450,0;0;0;1;0;1,2;21,"鳞粉,有色眼睛",50?50,75%,虫,"5,120",158,紫色,梦之遗迹（通关），毛球[48]31级进化
#050,地鼠,8,10,55,25,35,45,95,265,0;0;2;0;2;0,2;22,"沙遁,沙地面狱",50?50,255%,地面,"5,120",53,褐色,——
#051,三地面鼠,8,35,80,50,50,70,120,405,0;0;0;0;2;1,2;24,"沙遁,沙地面狱",50?50,50%,地面,"5,120",142,褐色,——地鼠[50]26级进化
#052,喵喵,0,40,45,35,40,40,90,290,0;0;0;0;0;1,2;26,"拾荒,技师",50?50,255%,地面,"5,120",58,黄色,——
#053,猫老大,0,65,70,60,65,65,115,440,0;0;0;0;0;2,3;0,"柔软,技师",50?50,90%,地面,"5,120",154,黄色,——喵喵[52]28级进化
#054,可达鸭,2,50,52,48,65,50,55,320,0;0;0;1;0;0,3;2,潮湿,50?50,190%,水1/地面,"5,120",64,黄色,哥达鸭[55]生蛋，小小森林（梦境）
#055,哥达鸭,2,80,82,78,95,80,85,500,0;0;0;2;0;0,3;3,潮湿,50?50,75%,水1/地面,"5,120",175,蓝色,11、14号路、街之桥，可达鸭[54]33级进化
#056,猴怪,6,40,80,35,35,45,70,305,0;1;0;0;0;0,3;4,"斗志,怒之壶",50?50,190%,地面,"5,120",61,褐色,15号路（情报）
#057,火爆猴,6,65,105,60,60,70,95,455,0;2;0;0;0;0,3;5,"斗志,怒之壶",50?50,75%,地面,"5,120",159,褐色,猴怪[56]28级进化
#058,卡蒂狗,1,55,70,45,70,50,60,350,0;1;0;0;0;0,3;6,"威吓,引火",75?25,190%,地面,"5,120",70,褐色,——小小森林（梦境）
#059,风速狗,1,90,110,80,100,80,95,555,0;2;0;0;0;0,3;7,"威吓,引火",75?25,75%,地面,"5,120",194,褐色,——卡蒂狗[58]火之石进化
#060,蚊香蝌蚪,2,40,50,40,40,40,90,300,0;0;0;0;0;1,3;8,"蓄水,潮湿",50?50,255%,水1,"5,120",60,,风车森林、6号路、修行石洞、冠军之路、巨人洞穴，小小森林（梦境）
#061,蚊香蛙,2,65,65,65,50,50,90,385,0;0;0;0;0;2,3;9,"蓄水,潮湿",50?50,120%,水1,"5,120",135,,地点同上，蚊香蝌蚪[60]25级进化，咖啡厅（梦境）
#062,快泳蛙,2;6,90,85,95,70,90,70,500,0;0;3;0;0;0,3;10,"蓄水,潮湿",50?50,45%,水1,"5,120",225,,地点同上需（钓鱼），蚊香蛙[61]水之石进化
#063,凯西,10,25,20,15,105,55,90,310,0;0;0;1;0;0,3;11,"同步率,精神力",75?25,200%,人型,"5,120",62,褐色,白森林（限白）
#064,勇吉拉,10,40,35,30,120,70,105,400,0;0;0;2;0;0,3;12,"同步率,精神力",75?25,100%,人型,"5,120",140,褐色,凯西[63]16级进化
#065,胡地,10,55,50,45,135,85,120,490,0;0;0;3;0;0,3;13,"同步率,精神力",75?25,50%,人型,"5,120",221,褐色,勇吉拉[64]通信进化
#066,腕力,6,70,80,50,35,35,35,305,0;1;0;0;0;0,3;15,"根性,无防御",75?25,180%,人型,"5,120",61,灰色,白森林（限白）
#067,豪力,6,80,100,70,50,60,45,405,0;2;0;0;0;0,3;16,"根性,无防御",75?25,90%,人型,"5,120",142,,腕力[66]28级进化
#068,怪力,6,90,130,80,65,85,55,505,0;3;0;0;0;0,3;17,"根性,无防御",75?25,45%,人型,"5,120",227,灰色,豪力[67]通讯进化
#069,喇叭芽,4;7,50,75,35,70,30,40,300,0;1;0;0;0;0,3;19,叶绿素,50?50,255%,植物,"5,120",60,绿色,白森林（限白），小小森林（梦境）
#070,口呆花,4;7,65,90,50,85,45,55,390,0;2;0;0;0;0,3;20,叶绿素,50?50,120%,植物,"5,120",137,绿色,喇叭芽[69]21级进化
#071,大食花,4;7,80,105,65,100,60,70,480,0;3;0;0;0;0,3;21,叶绿素,50?50,45%,植物,"5,120",216,绿色,口呆花[70]叶之石进化
#072,玛瑙水母,2;7,40,40,35,50,100,70,335,0;0;0;0;1;0,3;22,"净体,毒液",50?50,190%,水3,"5,120",67,蓝色,——光辉大海（梦境）
#073,毒刺水母,2;7,80,70,65,80,120,100,515,0;0;0;0;2;0,3;23,"净体,毒液",50?50,60%,水3,"5,120",180,蓝色,——玛瑙水母[72]30级进化
#074,小拳石,12;8,40,80,100,30,30,20,300,0;0;1;0;0;0,3;24,"石脑,坚硬",50?50,255%,矿物,"3,840",60,褐色,隆隆石[75]生蛋
#075,隆隆石,12;8,55,95,115,45,45,35,390,0;0;2;0;0;0,3;26,"石脑,坚硬",50?50,120%,矿物,"3,840",137,褐色,修行石洞，小拳石[74]25级进化
#076,隆隆岩,12;8,80,110,130,55,65,45,485,0;0;3;0;0;0,3;28,"石脑,坚硬",50?50,45%,矿物,"3,840",218,褐色,隆隆石[75]通讯进化
#077,小火马,1,50,85,55,65,65,90,410,0;0;0;0;0;1,4;0,"逃足,引火",50?50,190%,地面,"5,120",82,黄色,烈焰马[78]生蛋，小小森林（梦境）
#078,烈焰马,1,65,100,70,80,80,105,500,0;0;0;0;0;2,4;2,"逃足,引火",50?50,60%,地面,"5,120",175,黄色,12号路，小火马[77]40级进化
#079,呆呆兽,2;10,90,65,65,40,40,15,315,1;0;0;0;0;0,4;4,"迟钝,自我中心",50?50,190%,怪兽/水1,"5,120",63,粉红,丰收神社（冲浪），光辉大海（梦境）
#080,呆河马,2;10,95,75,110,100,80,30,490,0;0;2;0;0;0,4;5,"迟钝,自我中心",50?50,75%,怪兽/水1,"5,120",172,粉红,丰收神社（冲浪、漩涡），呆呆兽[79]37级进化
#081,小磁怪,3;16,25,35,70,95,55,45,325,0;0;0;1;0;0,4;7,"磁力,坚硬",x,190%,矿物,"5,120",65,灰色,白森林（限白）
#082,三合一磁怪,3;16,50,60,95,120,70,70,465,0;0;0;2;0;0,4;8,"磁力,坚硬",x,60%,矿物,"5,120",163,灰色,小磁怪[81]30级进化
#083,大葱鸭,0;9,52,65,55,58,62,60,352,0;1;0;0;0;0,4;9,"明锐目光,精神力",50?50,45%,飞行/地面,"5,120",123,褐色,1号路（情报），小小森林（梦境）
#084,嘟嘟,0;9,35,85,45,35,35,75,310,0;1;0;0;0;0,4;11,"逃足,早起",50?50,190%,飞行,"5,120",62,褐色,12号路（情报），小小森林（梦境）
#085,嘟嘟利,0;9,60,110,70,60,60,100,460,0;2;0;0;0;0,4;12,"逃足,早起",50?50,45%,飞行,"5,120",161,褐色,嘟嘟[84]31级进化
#086,小海狮,2,65,45,55,45,70,45,325,0;0;0;0;1;0,4;13,"厚脂肪,湿润身体",50?50,190%,水1/地面,"5,120",65,白色,巨人洞穴（冲浪）
#087,白海狮,2;5,90,70,80,70,95,70,475,0;0;0;0;2;0,4;14,"厚脂肪,湿润身体",50?50,75%,水1/地面,"5,120",166,白色,巨人洞穴（冲浪、漩涡），小海狮[86]34级进化
#088,臭泥,7,80,80,50,40,50,25,325,1;0;0;0;0;0,4;15,"恶臭,黏着",50?50,190%,无定型,"5,120",65,紫色,——
#089,臭臭泥,7,105,105,75,65,100,50,500,1;1;0;0;0;0,4;17,"恶臭,黏着",50?50,75%,无定型,"5,120",175,紫色,——臭泥[88]38级进化
#090,大舌贝,2,30,65,100,45,25,40,305,0;0;1;0;0;0,4;19,"贝壳装甲,连携技能",50?50,190%,水3,"5,120",61,紫色,13号路、笼目镇、笼目海湾（钓鱼）
#091,铁甲贝,2;5,50,95,180,85,45,70,525,0;0;2;0;0;0,4;20,"贝壳装甲,连携技能",50?50,60%,水3,"5,120",184,紫色,13号路、笼目镇、笼目海湾（钓鱼、漩涡），大舌贝[90]水之石进化
#092,鬼斯,13;7,30,35,30,100,35,80,310,0;0;0;1;0;0,4;21,浮游,50?50,190%,无定型,"5,120",62,紫色,白森林（限白）
#093,鬼斯通,13;7,45,50,45,115,55,95,405,0;0;0;2;0;0,4;22,浮游,50?50,90%,无定型,"5,120",142,紫色,鬼斯[92]25级进化
#094,耿鬼,13;7,60,65,60,130,75,110,500,0;0;0;3;0;0,4;23,浮游,50?50,45%,无定型,"5,120",225,紫色,鬼斯通[93]通信进化
#095,大岩蛇,12;8,35,45,160,30,45,70,385,0;0;1;0;0;0,4;26,"石脑,坚硬",50?50,45%,矿物,"6,400",77,灰色,古代之城
#096,素利普,10,60,48,45,43,90,42,328,0;0;0;0;1;0,4;27,"不眠,读取",50?50,190%,人型,"5,120",66,黄色,——
#097,素利拍,10,85,73,70,73,115,67,483,0;0;0;0;2;0,4;28,"不眠,读取",50?50,75%,人型,"5,120",169,黄色,——素利普[96]26级进化
#098,大钳蟹,2,30,105,90,25,25,50,325,0;1;0;0;0;0,4;29,"怪力钳,贝壳装甲",50?50,225%,水3,"5,120",65,红色,4、12号路、帆卷市（钓鱼），光辉大海（梦境）
#099,巨钳蟹,2,55,130,115,50,50,75,475,0;2;0;0;0;0,5;0,"怪力钳,贝壳装甲",50?50,60%,水3,"5,120",166,,4、12号路、帆卷市（钓鱼、漩涡），大钳蟹[98]28级进化
#100,雷电球,3,40,30,50,55,55,100,330,0;0;0;0;0;1,5;2,"隔音,静电",x,190%,矿物,"5,120",66,红色,——
#101,顽皮弹,3,60,50,70,80,80,140,480,0;0;0;0;0;2,5;3,"隔音,静电",x,60%,矿物,"5,120",168,红色,——雷电球[100]30级进化
#102,蛋蛋,4;10,60,40,80,60,45,40,325,0;0;1;0;0;0,5;4,叶绿素,50?50,90%,植物,"5,120",65,粉红,18号路（情报），小小森林（梦境）
#103,椰蛋树,4;10,95,95,85,125,65,55,520,0;0;0;2;0;0,5;5,叶绿素,50?50,45%,植物,"5,120",182,黄色,蛋蛋[102]使用叶之石进化
#104,卡拉卡拉,8,50,50,95,40,50,35,320,0;0;1;0;0;0,5;7,"石脑,避雷针",50?50,190%,怪兽,"5,120",64,褐色,嘎拉嘎拉[105]生蛋
#105,嘎拉嘎拉,8,60,80,110,50,80,45,425,0;0;2;0;0;0,5;8,"石脑,避雷针",50?50,75%,怪兽,"5,120",149,褐色,15号路，卡拉卡拉[104]28级进化
#106,沙瓦郎,6,50,120,53,35,110,87,455,0;2;0;0;0;0,5;11,"柔软,舍身",100?0,45%,人型,"6,400",159,褐色,巴尔郎[236]20级（攻击>防御）进化
#107,艾比郎,6,50,105,79,35,110,76,455,0;0;0;0;2;0,5;12,"明锐目光,铁拳",100?0,45%,人型,"6,400",159,褐色,巴尔郎[236]20级（攻击<防御）进化
#108,大舌头,0,90,55,75,60,75,30,385,2;0;0;0;0;0,5;13,自我中心,50?50,45%,怪兽,"5,120",77,粉红,修行石洞，小小森林（梦境）
#109,瓦斯弹,7,40,65,95,60,45,35,340,0;0;1;0;0;0,5;14,浮游,50?50,190%,无定型,"5,120",68,紫色,——
#110,双弹瓦斯,7,65,90,120,85,70,60,490,0;0;2;0;0;0,5;15,浮游,50?50,60%,无定型,"5,120",172,紫色,——瓦斯弹[109]35级进化
#111,铁甲犀牛,8;12,80,85,95,30,30,25,345,0;0;1;0;0;0,5;17,"避雷针,石脑",50?50,120%,怪兽/地面,"5,120",69,灰色,白森林（限白）
#112,铁甲暴龙,8;12,105,130,120,45,45,40,485,0;2;0;0;0;0,5;18,"避雷针,石脑",50?50,60%,怪兽/地面,"5,120",170,灰色,铁甲犀牛[111]42级进化
#113,吉利蛋,0,250,5,5,35,105,50,450,2;0;0;0;0;0,5;19,"自然回复,天之恩赐",0?100,30%,妖精,"10,240",395,粉红,好运蛋[440]白天圆石亲密进化
#114,蔓藤怪,4,65,55,115,100,40,60,435,0;0;1;0;0;0,5;20,"叶绿素,绿叶守护",50?50,45%,植物,"5,120",87,蓝色,13号路、巨人洞穴、小小森林（梦境）
#115,袋龙,0,105,95,80,40,80,90,490,2;0;0;0;0;0,5;21,"早起,肝魂",0?100,45%,怪兽,"5,120",172,褐色,15号路
#116,墨海马,2,30,40,70,70,25,60,295,0;0;0;1;0;0,5;23,"湿滑,狙击手",50?50,225%,水1/龙,"5,120",59,蓝色,17、18号路、P2（钓鱼），光辉大海（梦境）
#117,海刺龙,2,55,65,95,95,45,85,440,0;0;1;1;0;0,5;24,"毒刺,狙击手",50?50,75%,水1/龙,"5,120",154,蓝色,17、18号路、P2（钓鱼、漩涡），墨海马[116]32级进化
#118,角金鱼,2,45,67,60,35,50,63,320,0;1;0;0;0;0,5;25,"湿滑,水之掩护",50?50,225%,水2,"5,120",64,红色,3、11、14号路、三阳市、风车森林、迷失之森、丰收神社（钓鱼）
#119,金鱼王,2,80,92,65,65,80,68,450,0;2;0;0;0;0,5;26,"湿滑,水之掩护",50?50,60%,水2,"5,120",158,红色,地点同上需（钓鱼、漩涡），角金鱼[118]33级进化
#120,海星星,2,30,45,55,70,55,85,340,0;0;0;0;0;1,5;27,"发光,自然回复",x,225%,水3,"5,120",68,,13号路（冲浪），光辉大海（梦境）
#121,宝石海星,2;10,60,75,85,100,85,115,520,0;0;0;0;0;2,5;28,"发光,自然回复",x,60%,水3,"5,120",182,紫色,13号路（冲浪、漩涡），海星星[120]水之石进化
#122,吸盘魔偶,10;17,40,45,65,100,120,90,460,0;0;0;0;2;0,5;29,"隔音,过滤器",50?50,45%,人型,"6,400",161,粉红,——魔尼尼[439]习得[模仿]后升级进化
#123,飞天螳螂,11;9,70,110,80,55,80,105,500,0;1;0;0;0;0,6;1,"虫之预感,技师",50?50,45%,虫,"6,400",100,绿色,——小小森林（梦境）
#124,迷唇姐,5;10,65,50,35,115,95,95,455,0;0;0;2;0;0,6;2,"迟钝,读取",0?100,45%,人型,"6,400",159,红色,巨人洞穴，迷唇妹[238]30级进化
#125,电击兽,3,65,83,57,95,85,105,490,0;0;0;0;0;2,6;3,静电,75?25,45%,人型,"6,400",172,,电击小子[239]30级进化
#126,鸭嘴火龙,1,65,95,57,100,85,93,495,0;0;0;2;0;0,6;4,火焰身躯,75?25,45%,人型,"6,400",173,红色,布比火龙[240]30级进化
#127,大甲,11,65,125,100,55,70,85,500,0;2;0;0;0;0,6;5,"怪力钳,破格",50?50,45%,虫,"6,400",175,褐色,12号路
#128,肯泰罗,0,75,100,95,40,70,110,490,0;1;0;0;0;1,6;7,"威吓,怒之壶",100?0,45%,地面,"5,120",172,褐色,——小小森林（梦境）
#129,鲤鱼王,2,20,10,55,15,20,80,200,0;0;0;0;0;1,6;8,湿滑,50?50,255%,水2/龙,"1,280",40,红色,奇迹桥梁上500元购买
#130,暴鲤龙,2;9,95,125,79,60,100,81,540,0;2;0;0;0;0,6;9,威吓,50?50,45%,水2/龙,"1,280",189,蓝色,鲤鱼王[129]20级进化
#131,乘龙,2;5,130,85,80,85,95,60,535,2;0;0;0;0;0,6;11,"蓄水,贝壳装甲",50?50,45%,怪兽/水1,"10,240",187,蓝色,街之桥 (冲浪、漩涡)，光辉大海（梦境）
#132,百变怪,0,48,48,48,48,48,48,288,1;0;0;0;0;0,6;13,柔软,x,35%,百变怪,"5,120",101,紫色,巨人洞穴
#133,伊布,0,55,55,50,45,65,55,325,0;0;0;0;1;0,6;14,"逃足,适应力",87.5?12.5,45%,地面,"8,960",65,褐色,——咖啡厅（梦境）
#134,水精灵,2,130,65,60,110,95,65,525,2;0;0;0;0;0,6;17,蓄水,87.5?12.5,45%,地面,"8,960",184,蓝色,——伊布[133]水之石进化
#135,雷精灵,3,65,65,60,110,95,130,525,0;0;0;0;0;2,6;18,畜电,87.5?12.5,45%,地面,"8,960",184,黄色,——伊布[133]雷之石进化
#136,火精灵,1,65,130,60,95,110,65,525,0;2;0;0;0;0,6;19,"引火,引火",87.5?12.5,45%,地面,"8,960",184,红色,——伊布[133]火之石进化
#137,３Ｄ龙,0,65,60,70,85,75,40,395,0;0;0;1;0;0,6;20,"换装,下载",x,45%,矿物,"5,120",79,粉红,白森林（限白）
#138,菊石兽,12;2,35,40,100,90,55,35,355,0;0;1;0;0;0,6;21,"湿滑,贝壳装甲",87.5?12.5,45%,水1/水3,"7,680",71,蓝色,在七宝博物馆使用螺贝化石复活，光辉大海（梦境）
#139,多刺菊石兽,12;2,70,60,125,115,70,55,495,0;0;2;0;0;0,6;22,"湿滑,贝壳装甲",87.5?12.5,45%,水1/水3,"7,680",173,蓝色,菊石兽[138]40级进化
#140,化石盔,12;2,30,80,90,55,45,55,355,0;0;1;0;0;0,6;23,"湿滑,甲虫盔甲",87.5?12.5,45%,水1/水3,"7,680",71,褐色,在七宝博物馆使用甲壳化石复活，光辉大海（梦境）
#141,镰刀盔,12;2,60,115,105,65,70,80,495,0;2;0;0;0;0,6;24,"湿滑,甲虫盔甲",87.5?12.5,45%,水1/水3,"7,680",173,褐色,化石盔[140]40级进化
#142,化石翼龙,12;9,80,105,65,60,75,130,515,0;0;0;0;0;2,6;25,"石脑,压力",87.5?12.5,45%,飞行,"8,960",180,紫色,在七宝博物馆使用秘密琥珀复活，广阔天空（梦境）
#143,卡比兽,0,160,110,65,65,110,30,540,2;0;0;0;0;0,6;27,"免疫,厚脂肪",87.5?12.5,25%,怪兽,"10,240",189,黑色,小卡比兽[446]亲密进化
#144,急冻鸟,5;9,90,85,100,95,125,85,580,0;0;0;0;3;0,6;29,压力,x,3%,不能生蛋,"20,480",261,蓝色,——
#145,闪电鸟,3;9,90,90,85,125,90,100,580,0;0;0;3;0;0,7;0,压力,x,3%,不能生蛋,"20,480",261,黄色,——
#146,火焰鸟,1;9,90,100,90,125,85,90,580,0;0;0;3;0;0,7;1,压力,x,3%,不能生蛋,"20,480",261,黄色,——
#147,迷你龙,14,41,64,45,50,50,50,300,0;1;0;0;0;0,7;2,脱皮,50?50,45%,水1/龙,"10,240",60,蓝色,龙螺旋之塔（钓鱼），光辉大海（梦境）
#148,哈克龙,14,61,84,65,70,70,70,420,0;2;0;0;0;0,7;3,脱皮,50?50,45%,水1/龙,"10,240",147,蓝色,龙螺旋之塔（钓鱼、漩涡），迷你龙[147]30级进化
#149,快龙,14;9,91,134,95,100,100,80,600,0;3;0;0;0;0,7;4,精神力,50?50,45%,水1/龙,"10,240",270,褐色,龙螺旋之塔（钓鱼、漩涡），哈克龙[148]55级进化
#150,超梦,10,106,110,90,154,90,130,680,0;0;0;3;0;0,7;5,压力,x,3%,不能生蛋,"30,720",306,紫色,——
#151,梦幻,10,100,100,100,100,100,100,600,3;0;0;0;0;0,7;8,同步率,x,45%,不能生蛋,"30,720",270,粉红,——
#152,菊草叶,4,45,49,65,49,65,45,318,0;0;0;0;1;0,7;9,发芽,87.5?12.5,45%,怪兽/植物,"5,120",64,绿色,——
#153,月桂叶,4,60,62,80,63,80,60,405,0;0;1;0;1;0,7;10,发芽,87.5?12.5,45%,怪兽/植物,"5,120",142,绿色,——菊草叶[152]16级进化
#154,菊叶龙,4,80,82,100,83,100,80,525,0;0;1;0;2;0,7;11,发芽,87.5?12.5,45%,怪兽/植物,"5,120",236,绿色,——月桂叶[153]32级进化
#155,火球鼠,1,39,52,43,60,50,65,309,0;0;0;0;0;1,7;12,猛火,87.5?12.5,45%,地面,"5,120",62,黄色,——
#156,烈焰鼠,1,58,64,58,80,65,80,405,0;0;0;1;0;1,7;13,猛火,87.5?12.5,45%,地面,"5,120",142,黄色,——火球鼠[155]14级进化
#157,爆炎兽,1,78,84,78,109,85,100,534,0;0;0;3;0;0,7;14,猛火,87.5?12.5,45%,地面,"5,120",240,黄色,——烈焰鼠[156]36级进化
#158,小锯鳄,2,50,65,64,44,48,43,314,0;1;0;0;0;0,7;15,激流,87.5?12.5,45%,怪兽/水1,"5,120",63,蓝色,——
#159,蓝鳄,2,65,80,80,59,63,58,405,0;1;1;0;0;0,7;16,激流,87.5?12.5,45%,怪兽/水1,"5,120",142,,——小锯鳄[158]18级进化
#160,怪力鳄,2,85,105,100,79,83,78,530,0;2;1;0;0;0,7;17,激流,87.5?12.5,45%,怪兽/水1,"5,120",239,蓝色,——蓝鳄[159]30级进化
#161,尾立,0,35,46,34,35,45,20,215,0;1;0;0;0;0,7;18,"逃足,明锐目光",50?50,255%,地面,"3,840",43,褐色,7号路（情报）
#162,大尾立,0,85,76,64,45,55,90,415,0;0;0;0;0;2,7;19,"逃足,明锐目光",50?50,90%,地面,"3,840",145,褐色,尾立[161]15级进化
#163,咕咕,0;9,60,30,30,36,56,50,262,1;0;0;0;0;0,7;20,"不眠,明锐目光",50?50,255%,飞行,"3,840",52,褐色,猫头夜鹰[164]生蛋，广阔天空（梦境）
#164,猫头鹰,0;9,100,50,50,76,96,70,442,2;0;0;0;0;0,7;21,"不眠,明锐目光",50?50,90%,飞行,"3,840",155,褐色,丰收神社，咕咕[163]20级进化
#165,芭瓢虫,11;9,40,20,30,40,80,55,265,0;0;0;0;1;0,7;22,"虫之预感,早起",50?50,255%,虫,"3,840",53,红色,安瓢虫[166]生蛋，广阔天空（梦境）
#166,安瓢虫,11;9,55,35,50,55,110,85,390,0;0;0;0;2;0,7;23,"虫之预感,早起",50?50,90%,虫,"3,840",137,红色,梦之遗迹（通关），芭瓢虫[165]18级进化
#167,绿蜘蛛,11;7,40,60,40,40,40,30,250,0;1;0;0;0;0,7;24,虫之预感,50?50,255%,虫,"3,840",50,绿色,毒角蛛[168]生蛋
#168,毒角蛛,11;7,70,90,70,60,60,40,390,0;2;0;0;0;0,7;25,虫之预感,50?50,90%,虫,"3,840",137,红色,梦之遗迹（通关），绿蜘蛛[167]22级进化
#169,叉字蝠,7;9,85,90,80,70,80,130,535,0;0;0;0;0;3,7;26,精神力,50?50,90%,飞行,"3,840",241,紫色,13号路、巨人洞穴，大嘴蝠[42]亲密进化
#170,灯笼鱼,2;3,75,38,38,56,56,67,330,1;0;0;0;0;0,7;27,"畜电,发光",50?50,190%,水2,"5,120",66,蓝色,18号路、 帆卷市(钓鱼)
#171,电灯鱼,2;3,125,58,58,76,76,67,460,2;0;0;0;0;0,7;28,"畜电,发光",50?50,75%,水2,"5,120",161,蓝色,帆卷市(钓鱼、漩涡)，灯笼鱼[170]27级进化
#172,皮丘,3,20,40,15,35,35,60,205,0;0;0;0;0;1,7;29,静电,50?50,190%,不能生蛋,"2,560",41,黄色,——
#173,皮宝宝,17,50,25,28,45,55,15,218,0;0;0;0;1;0,8;0,"诱人躯体,魔法防御",25?75,150%,不能生蛋,"2,560",44,粉红,皮皮[35]生蛋
#174,宝宝丁,0;17,90,30,15,40,20,15,210,1;0;0;0;0;0,8;1,诱人躯体,25?75,170%,不能生蛋,"2,560",42,,胖丁[39]生蛋
#175,波克比,17,35,20,65,40,65,20,245,0;0;0;0;1;0,8;2,"紧张,天之恩赐",87.5?12.5,190%,不能生蛋,"2,560",49,白色,白森林（限白）
#176,波克基古,17;9,55,40,85,80,105,40,405,0;0;0;0;2;0,8;4,"紧张,天之恩赐",87.5?12.5,75%,飞行/妖精,"2,560",142,白色,波可比[175]亲密进化
#177,天然雀,10;9,40,50,45,70,45,70,320,0;0;0;1;0;0,8;5,"同步率,早起",50?50,190%,飞行,"5,120",64,绿色,——小小森林（梦境）
#178,天然鸟,10;9,65,75,70,95,70,95,470,0;0;0;1;0;1,8;6,"同步率,早起",50?50,75%,飞行,"5,120",165,绿色,——天然雀[177]25级进化
#179,咩利羊,3,55,40,40,65,45,35,280,0;0;0;1;0;0,8;7,静电,50?50,235%,怪兽/地面,"5,120",56,白色,白森林（限白），小小森林（梦境）
#180,咩咩羊,3,70,55,55,80,60,45,365,0;0;0;2;0;0,8;8,静电,50?50,120%,怪兽/地面,"5,120",128,粉红,咩利羊[179]15级进化
#181,电龙,3,90,75,75,115,90,55,500,0;0;0;3;0;0,8;9,静电,50?50,45%,怪兽/地面,"5,120",225,黄色,咩咩羊[180]30级进化
#182,美丽花,4,75,80,85,90,100,50,480,0;0;0;0;3;0,8;11,叶绿素,50?50,45%,植物,"5,120",216,绿色,臭臭花[44]太阳石进化
#183,玛莉露,2;17,70,20,50,20,50,40,250,2;0;0;0;0;0,8;12,"厚脂肪,蛮力",50?50,190%,水1/妖精,"2,560",88,蓝色,露莉莉[298]亲密进化，小小森林（梦境）
#184,玛莉露丽,2;17,100,50,80,50,80,50,410,3;0;0;0;0;0,8;13,"厚脂肪,蛮力",50?50,75%,水1/妖精,"2,560",185,蓝色,玛丽露[183]18级进化
#185,胡说树,12,70,100,115,30,65,30,410,0;0;2;0;0;0,8;14,"坚硬,石脑",50?50,65%,矿物,"5,120",144,褐色,——胡说盆栽[438]习得[模仿]后升级进化
#186,牛蛙君,2,90,75,75,90,100,70,500,0;0;0;0;3;0,8;15,"蓄水,潮湿",50?50,45%,水1,"5,120",225,,6号路（钓鱼、漩涡），蚊香蛙[61]携王者证通信进化
#187,毽子草,4;9,35,35,40,35,55,50,250,0;0;0;0;1;0,8;16,"叶绿素,绿叶守护",50?50,255%,妖精/植物,"5,120",50,粉红,白森林（限白），广阔天空、小小森林（梦境）
#188,毽子花,4;9,55,45,50,45,65,80,340,0;0;0;0;0;2,8;17,"叶绿素,绿叶守护",50?50,120%,妖精/植物,"5,120",119,绿色,毽子草[187]18级进化
#189,毽子绵,4;9,75,55,70,55,85,110,450,0;0;0;0;0;3,8;18,"叶绿素,绿叶守护",50?50,45%,妖精/植物,"5,120",203,蓝色,毽子花[188]27级进化
#190,手尾猴,0,55,70,55,40,55,85,360,0;0;0;0;0;1,8;19,"逃足,拾荒",50?50,45%,地面,"5,120",72,紫色,——
#191,向日种子,4,30,30,30,30,30,30,180,0;0;0;1;0;0,8;20,"叶绿素,太阳能量",50?50,235%,植物,"5,120",36,黄色,12号路，小小森林（梦境）
#192,向日花,4,75,75,55,105,85,30,425,0;0;0;2;0;0,8;21,"叶绿素,太阳能量",50?50,120%,植物,"5,120",149,黄色,12号路（抖草），向日种子[191]太阳石进化
#193,洋洋蜻蜓,11;9,65,65,45,75,45,95,390,0;0;0;0;0;1,8;22,加速,50?50,75%,虫,"5,120",78,红色,14号路（情报），广阔天空（梦境）
#194,乌波,2;8,55,45,45,25,25,15,210,1;0;0;0;0;0,8;23,潮湿,50?50,255%,水1/地面,"5,120",42,蓝色,——光辉大海（梦境）
#195,沼王,2;8,95,85,85,65,65,35,430,2;0;0;0;0;0,8;24,潮湿,50?50,90%,水1/地面,"5,120",151,蓝色,——乌波[194]20级进化
#196,太阳精灵,10,65,65,60,130,95,110,525,0;0;0;2;0;0,8;25,同步率,87.5?12.5,45%,地面,"8,960",184,紫色,——伊布[133]白天亲密进化
#197,月精灵,15,95,65,110,60,130,65,525,0;0;0;0;2;0,8;26,同步率,87.5?12.5,45%,地面,"8,960",184,黑色,——伊布[133]夜晚亲密进化
#198,黑乌鸦,15;9,60,85,42,85,42,91,405,0;0;0;0;0;1,8;27,"不眠,强运",50?50,30%,飞行,"5,120",81,黑色,丰收神社（限黑），广阔天空（梦境）
#199,河马王,2;10,95,75,80,100,110,30,490,0;0;0;0;3;0,8;28,"迟钝,自我中心",50?50,70%,怪兽/水1,"5,120",172,粉红,丰收神社（冲浪、漩涡），呆呆兽[79]携王者证通信进化
#200,梦妖,13,60,60,60,85,85,85,435,0;0;0;0;1;0,8;29,浮游,50?50,45%,无定型,"6,400",87,灰色,丰收神社（限白）
#201,未知图腾,10,48,72,48,72,48,48,336,0;1;0;1;0;0,9;0,浮游,x,225%,不能生蛋,"10,240",118,,——
#202,果然翁,10,190,33,58,33,58,33,405,2;0;0;0;0;0,9;28,踩影,50?50,45%,无定型,"5,120",142,蓝色,小果然[360]15级进化
#203,麒麟奇,0;10,70,80,65,90,65,85,455,0;0;0;2;0;0,9;29,"精神力,早起",50?50,60%,地面,"5,120",159,黄色,——小小森林（梦境）
#204,松果球,11,50,65,90,35,35,15,290,0;0;1;0;0;0,10;0,坚硬,50?50,190%,虫,"5,120",58,灰色,16号路（情报）
#205,核果兽,11;16,75,90,140,60,60,40,465,0;0;2;0;0;0,10;1,坚硬,50?50,75%,虫,"5,120",163,紫色,松果球[204]31级进化
#206,土龙,0,100,70,70,65,65,45,415,1;0;0;0;0;0,10;2,"天之恩赐,逃足",50?50,190%,地面,"5,120",145,黄色,12号路
#207,镰刀天蝎,8;9,65,75,105,35,65,85,430,0;0;1;0;0;0,10;3,"怪力钳,沙遁",50?50,60%,虫,"5,120",86,紫色,11、15号路
#208,大钢蛇,16;8,75,85,200,55,65,30,510,0;0;2;0;0;0,10;4,"石脑,坚硬",50?50,25%,矿物,"6,400",179,灰色,大岩蛇[95]携金属外套通信进化
#209,布鲁,17,60,80,50,40,40,30,300,0;1;0;0;0;0,10;6,"威吓,逃足",25?75,190%,地面/妖精,"5,120",60,粉红,——
#210,布鲁皇,17,90,120,75,60,60,45,450,0;2;0;0;0;0,10;7,"威吓,快足",25?75,75%,地面/妖精,"5,120",158,紫色,——布鲁[209]23级进化
#211,刺河豚,2;7,65,95,75,55,55,85,430,0;1;0;0;0;0,10;8,"毒刺,湿滑",50?50,45%,水2,"5,120",86,灰色,17、18号路、P2（钓鱼、漩涡）
#212,巨钳螳螂,11;16,70,130,100,55,80,65,500,0;2;0;0;0;0,10;9,"虫之预感,技师",50?50,25%,虫,"6,400",175,红色,——飞天螳螂[123]携金属外套通信进化
#213,壶壶,11;12,20,10,230,10,230,5,505,0;0;1;0;1;0,10;11,"坚硬,馋鬼",50?50,190%,虫,"5,120",177,黄色,14号路
#214,赫拉克罗斯,11;6,80,125,75,40,95,85,500,0;2;0;0;0;0,10;12,"虫之预感,根性",50?50,45%,虫,"6,400",175,蓝色,12号路
#215,狃拉,15;5,55,95,55,35,75,115,430,0;0;0;0;0;1,10;14,"精神力,明锐目光",50?50,60%,地面,"5,120",86,,巨人洞穴
#216,熊宝宝,0,60,80,50,50,50,40,330,0;1;0;0;0;0,10;15,"拾荒,快足",50?50,120%,地面,"5,120",66,,——
#217,圈圈熊,0,90,130,75,75,75,55,500,0;2;0;0;0;0,10;16,"根性,快足",50?50,60%,地面,"5,120",175,褐色,——熊宝宝[216]30级进化
#218,熔岩虫,1,40,40,40,70,40,20,250,0;0;0;1;0;0,10;17,"熔岩盔甲,火焰身躯",50?50,190%,无定型,"5,120",50,红色,——
#219,熔岩蜗牛,1;12,50,50,120,80,80,30,410,0;0;2;0;0;0,10;18,"熔岩盔甲,火焰身躯",50?50,75%,无定型,"5,120",144,红色,——熔岩虫[218]38级进化
#220,小山猪,5;8,50,50,40,30,30,50,250,0;1;0;0;0;0,10;19,"迟钝,雪遁",50?50,225%,地面,"5,120",50,褐色,长毛猪[221]生蛋
#221,长毛猪,5;8,100,100,80,60,60,50,450,1;1;0;0;0;0,10;20,"迟钝,雪遁",50?50,75%,地面,"5,120",158,褐色,巨人洞穴
#222,太阳珊瑚,2;12,55,55,85,65,85,35,380,0;0;1;0;1;0,10;21,"紧张,自然回复",25?75,60%,水1/水3,"5,120",133,粉红,"13号路,笼目镇（冲浪、漩涡），光辉大海（梦境）"
#223,铁炮鱼,2,35,65,35,65,35,65,300,0;0;0;1;0;0,10;23,"紧张,狙击手",50?50,190%,水1/水2,"5,120",60,灰色,"笼目镇, 笼目海湾（钓鱼），光辉大海（梦境）"
#224,章鱼桶,2,75,105,75,105,75,45,480,0;1;0;1;0;0,10;24,"吸盘,狙击手",50?50,75%,水1/水2,"5,120",168,红色,"笼目镇, 笼目海湾 (钓鱼)"
#225,信使鸟,5;9,45,55,45,65,45,75,330,0;0;0;0;0;1,10;25,"斗志,紧张",50?50,45%,水1/地面,"5,120",116,红色,巨人洞穴，广阔天空（梦境）
#226,巨翅飞行鱼,2;9,65,40,70,80,140,70,465,0;0;0;0;2;0,10;26,湿滑,50?50,25%,水1,"6,400",163,紫色,"笼目镇 (全季节冲浪), 笼目海湾 (春夏秋冲浪)，小蝠鱼[458]在队中有铁炮鱼[223]升级进化，光辉大海（梦境）"
#227,钢鸟,16;9,65,80,140,40,70,70,465,0;0;2;0;0;0,10;27,"明锐目光,坚硬",50?50,25%,飞行,"6,400",163,灰色,——广阔天空（梦境）
#228,恶魔犬,15;1,45,60,30,80,50,65,330,0;0;0;1;0;0,10;28,"早起,引火",50?50,120%,地面,"5,120",66,黑色,9号路（情报、限黑）
#229,地面狱犬,15;1,75,90,50,110,80,95,500,0;0;0;2;0;0,10;29,"早起,引火",50?50,45%,地面,"5,120",175,黑色,恶魔犬[228]24级进化
#230,刺龙王,2;14,75,95,95,95,95,85,540,0;1;0;1;1;0,11;1,"湿滑,狙击手",50?50,45%,水1/龙,"5,120",243,蓝色,17、18号路、P2（钓鱼、漩涡），海刺龙[117]携龙之鳞通信进化
#231,小小象,8,90,60,60,40,40,40,330,1;0;0;0;0;0,11;2,拾荒,50?50,120%,地面,"5,120",66,蓝色,——
#232,顿甲,8,90,120,120,60,60,50,500,0;1;1;0;0;0,11;3,坚硬,50?50,60%,地面,"5,120",175,灰色,——小小象[231]25级进化
#233,３Ｄ龙２,0,85,80,90,105,95,60,515,0;0;0;2;0;0,11;4,"换装,下载",x,45%,矿物,"5,120",180,红色,3D龙[137]携升级卡通信进化
#234,惊角鹿,0,73,95,62,85,65,85,465,0;1;0;0;0;0,11;5,"威吓,读心术",50?50,45%,地面,"5,120",163,褐色,丰收神社，小小森林（梦境）
#235,图图犬,0,55,20,35,20,45,75,250,0;0;0;0;0;1,11;6,"自我中心,技师",50?50,45%,地面,"5,120",88,白色,5号路（情报），咖啡厅（梦境）
#236,巴尔郎,6,35,35,35,35,35,35,210,0;1;0;0;0;0,11;7,"根性,不屈之心",100?0,75%,不能生蛋,"6,400",42,紫色,10号路（情报）
#237,卡波郎,6,50,95,95,35,110,70,455,0;0;0;0;2;0,11;8,"威吓,技师",100?0,45%,人型,"6,400",159,褐色,巴尔郎[236]20级（攻击=防御）进化
#238,迷唇妹,5;10,45,30,15,85,65,65,305,0;0;0;1;0;0,11;9,"迟钝,读取",0?100,45%,不能生蛋,"6,400",61,粉红,迷唇姐[124]生蛋
#239,电击小子,3,45,63,37,65,55,95,360,0;0;0;0;0;1,11;10,静电,75?25,45%,不能生蛋,"6,400",72,,白森林（限白），小小森林（梦境）
#240,布比火龙,1,45,75,37,70,55,83,365,0;0;0;0;0;1,11;11,火焰身躯,75?25,45%,不能生蛋,"6,400",73,,白森林（限白），小小森林（梦境）
#241,大奶罐,0,95,80,105,40,70,100,490,0;0;2;0;0;0,11;12,"厚脂肪,肝魂",0?100,45%,地面,"5,120",172,粉红,——小小森林（梦境）
#242,快乐蛋,0,255,10,10,75,135,55,540,3;0;0;0;0;0,11;13,"自然回复,天之恩赐",0?100,30%,妖精,"10,240",608,粉红,吉利蛋[113]亲密进化
#243,雷皇,3,90,85,75,115,100,115,580,0;0;0;1;0;2,11;14,压力,x,3%,不能生蛋,"20,480",261,黄色,——
#244,炎帝,1,115,115,85,90,75,100,580,1;2;0;0;0;0,11;15,压力,x,3%,不能生蛋,"20,480",261,褐色,——
#245,水君,2,100,75,115,90,115,85,580,0;0;1;0;2;0,11;16,压力,x,3%,不能生蛋,"20,480",261,蓝色,——
#246,由基拉,12;8,50,64,50,45,50,41,300,0;1;0;0;0;0,11;17,根性,50?50,45%,怪兽,"10,240",60,绿色,沙基拉[247]生蛋
#247,沙基拉,12;8,70,84,70,65,70,51,410,0;2;0;0;0;0,11;18,脱皮,50?50,45%,怪兽,"10,240",144,灰色,15号路，由基拉[246]30级进化
#248,班基拉,12;15,100,134,110,95,100,61,600,0;3;0;0;0;0,11;19,引沙,50?50,45%,怪兽,"10,240",270,绿色,15号路（抖草），沙基拉[247]55级进化
#249,路基亚,10;9,106,90,130,90,154,110,680,0;0;0;0;3;0,11;21,压力,x,3%,不能生蛋,"30,720",306,白色,——
#250,凤王,1;9,106,130,90,110,154,90,680,0;0;0;0;3;0,11;22,压力,x,3%,不能生蛋,"30,720",306,红色,——
#251,雪拉比,10;4,100,100,100,100,100,100,600,3;0;0;0;0;0,11;23,自然回复,x,45%,不能生蛋,"30,720",270,绿色,——
#252,木守宫,4,40,45,35,65,55,70,310,0;0;0;0;0;1,11;24,发芽,87.5?12.5,45%,怪兽/龙,"5,120",62,绿色,——
#253,森林蜥蜴,4,50,65,45,85,65,95,405,0;0;0;0;0;2,11;25,发芽,87.5?12.5,45%,怪兽/龙,"5,120",142,绿色,——木守宫[252]16级进化
#254,针叶王,4,70,85,65,105,85,120,530,0;0;0;0;0;3,11;26,发芽,87.5?12.5,45%,怪兽/龙,"5,120",239,绿色,——森林蜥蜴[253]36级进化
#255,火稚鸡,1,45,60,40,70,50,45,310,0;0;0;1;0;0,11;28,猛火,87.5?12.5,45%,地面,"5,120",62,红色,——
#256,力壮鸡,1;6,60,85,60,85,60,55,405,0;1;0;1;0;0,11;29,猛火,87.5?12.5,45%,地面,"5,120",142,红色,——火稚鸡[255]16级进化
#257,火鸡斗士,1;6,80,120,70,110,70,80,530,0;3;0;0;0;0,12;0,猛火,87.5?12.5,45%,地面,"5,120",239,红色,——力壮鸡[256]36级进化
#258,水跃鱼,2,50,70,50,50,50,40,310,0;1;0;0;0;0,12;2,激流,87.5?12.5,45%,怪兽/水1,"5,120",62,蓝色,——
#259,沼跃鱼,2;8,70,85,70,60,70,50,405,0;2;0;0;0;0,12;3,激流,87.5?12.5,45%,怪兽/水1,"5,120",142,蓝色,——水跃鱼[258]16级进化
#260,大水怪,2;8,100,110,90,85,90,60,535,0;3;0;0;0;0,12;4,激流,87.5?12.5,45%,怪兽/水1,"5,120",241,蓝色,——沼跃鱼[259]36级进化
#261,土狼犬,15,35,55,35,30,30,35,220,0;1;0;0;0;0,12;6,"逃足,快足",50?50,255%,地面,"3,840",44,灰色,9号路（情报、限白），小小森林（梦境）
#262,恶啸犬,15,70,90,70,60,60,70,420,0;2;0;0;0;0,12;7,"威吓,快足",50?50,127%,地面,"3,840",147,灰色,土狼犬[261]18级进化
#263,针鼠,0,38,30,41,30,41,60,240,0;0;0;0;0;1,12;8,"拾荒,馋鬼",50?50,255%,地面,"3,840",48,褐色,——小小森林（梦境）
#264,大飞行鼠,0,78,70,61,50,61,100,420,0;0;0;0;0;2,12;10,"拾荒,馋鬼",50?50,90%,地面,"3,840",147,白色,——针鼠[263]20级进化
#265,刺尾虫,11,45,45,35,20,30,20,195,1;0;0;0;0;0,12;12,鳞粉,50?50,255%,虫,"3,840",39,红色,白森林（限白）
#266,甲壳蛹,11,50,35,55,25,25,15,205,0;0;2;0;0;0,12;13,脱皮,50?50,120%,虫,"3,840",72,白色,刺尾虫[265]（性格值尾数>=5）7级进化
#267,狩猎凤蝶,11;9,60,70,50,90,50,65,385,0;0;0;3;0;0,12;14,虫之预感,50?50,45%,虫,"3,840",173,黄色,甲壳蛹[266]10级进化
#268,盾甲茧,11,50,35,55,25,25,15,205,0;0;2;0;0;0,12;15,脱皮,50?50,120%,虫,"3,840",41,紫色,刺尾虫[265]（性格值尾数<5）7级进化
#269,毒粉蝶,11;7,60,50,70,50,90,65,385,0;0;0;0;3;0,12;16,鳞粉,50?50,45%,虫,"3,840",135,绿色,盾甲茧[268]10级进化
#270,荷叶蛙,2;4,40,30,30,40,50,30,220,0;0;0;0;1;0,12;17,"湿滑,接雨盆",50?50,255%,水1/植物,"3,840",44,绿色,白森林（限白），小小森林（梦境）
#271,莲叶河童,2;4,60,50,50,60,70,50,340,0;0;0;0;2;0,12;18,"湿滑,接雨盆",50?50,120%,水1/植物,"3,840",119,绿色,荷叶蛙[270]14级进化
#272,荷叶鸭,2;4,80,70,70,90,100,70,480,0;0;0;0;3;0,12;19,"湿滑,接雨盆",50?50,45%,水1/植物,"3,840",216,绿色,莲叶河童[271]水之石进化
#273,橡果球,4,40,40,50,30,30,30,220,0;0;1;0;0;0,12;20,"叶绿素,早起",50?50,255%,地面/植物,"3,840",44,褐色,白森林（限白）
#274,长鼻叶,4;15,70,70,40,60,40,60,340,0;2;0;0;0;0,12;21,"叶绿素,早起",50?50,120%,地面/植物,"3,840",119,褐色,橡果球[273]14级进化
#275,木天狗,4;15,90,100,60,90,60,80,480,0;3;0;0;0;0,12;22,"叶绿素,早起",50?50,45%,地面/植物,"3,840",216,褐色,长鼻叶[274]叶之石进化
#276,傲骨燕,0;9,40,55,30,30,30,85,270,0;0;0;0;0;1,12;23,根性,50?50,200%,飞行,"3,840",54,蓝色,大王燕[277]生蛋，广阔天空、小小森林（梦境）
#277,大王燕,0;9,60,85,60,50,50,125,430,0;0;0;0;0;2,12;24,根性,50?50,45%,飞行,"3,840",151,蓝色,13号路、巨人洞穴，傲骨燕[276]22级进化
#278,长翅鸥,2;9,40,30,30,55,30,85,270,0;0;0;0;0;1,12;25,明锐目光,50?50,190%,水1/飞行,"5,120",54,白色,13号路、笼目镇、笼目海湾（冲浪），广阔天空（梦境）
#279,大嘴鸥,2;9,60,50,100,85,70,65,430,0;0;2;0;0;0,12;26,明锐目光,50?50,45%,水1/飞行,"5,120",151,黄色,13号路、笼目镇、笼目海湾（冲浪）
#280,拉鲁拉丝,10;17,28,25,25,45,35,40,198,0;0;0;1;0;0,12;27,"同步率,换装",50?50,235%,无定型,"5,120",40,白色,白森林（限白）
#281,奇鲁莉安,10;17,38,35,35,65,55,50,278,0;0;0;2;0;0,12;28,"同步率,换装",50?50,120%,无定型,"5,120",97,白色,拉鲁拉斯[280]20级进化
#282,沙奈朵,10;17,68,65,65,125,115,80,518,0;0;0;3;0;0,12;29,"同步率,换装",50?50,45%,无定型,"5,120",233,白色,奇鲁莉安[281]30级进化
#283,水蜘蛛,11;2,40,30,32,50,52,65,269,0;0;0;0;0;1,13;1,湿滑,50?50,200%,水1/虫,"3,840",54,蓝色,白森林（限白），小小森林（梦境）
#284,雨翅蛾,11;9,70,60,62,80,82,60,414,0;0;0;1;1;0,13;2,威吓,50?50,75%,水1/虫,"3,840",145,蓝色,水蜘蛛[283]22级进化
#285,蘑蘑菇,4,60,40,60,40,60,35,295,1;0;0;0;0;0,13;3,"孢子,毒疗",50?50,255%,妖精/植物,"3,840",59,褐色,11号路（情报、限黑）
#286,蘑菇袋鼠,4;6,60,130,80,60,60,70,460,0;2;0;0;0;0,13;4,"孢子,毒疗",50?50,90%,妖精/植物,"3,840",161,绿色,蘑蘑菇[285]23级进化
#287,懒人翁,0,60,60,60,35,35,30,280,1;0;0;0;0;0,13;5,偷懒,50?50,255%,地面,"3,840",56,褐色,白森林（限白）
#288,过动猿,0,80,80,80,55,55,90,440,0;0;0;0;0;2,13;6,斗志,50?50,120%,地面,"3,840",154,白色,懒人翁[287]18级进化
#289,请假王,0,150,160,100,95,65,100,670,3;0;0;0;0;0,13;7,偷懒,50?50,45%,地面,"3,840",252,褐色,过动猿[288]36级进化
#290,钻地虫,11;8,31,45,90,30,30,40,266,0;0;1;0;0;0,13;8,复眼,50?50,255%,虫,"3,840",53,灰色,——
#291,音速蝉,11;9,61,90,45,50,50,160,456,0;0;0;0;0;2,13;9,加速,50?50,120%,虫,"3,840",160,黄色,——钻地虫[290]20级进化
#292,鬼蝉,11;13,1,90,45,30,30,40,236,2;0;0;0;0;0,13;10,神秘护符,x,45%,矿物,"3,840",83,褐色,——队中有音速蝉[291]成功进化和一个空位，背包中有怪兽球时自动出现
#293,噪音兔,0,64,51,23,51,23,28,240,1;0;0;0;0;0,13;11,隔音,50?50,190%,怪兽/地面,"5,120",48,粉红,白森林（限白）
#294,重音怪,0,84,71,43,71,43,48,360,2;0;0;0;0;0,13;12,隔音,50?50,120%,怪兽/地面,"5,120",126,蓝色,噪音兔[293]20级进化
#295,噪音王,0,104,91,63,91,63,68,480,3;0;0;0;0;0,13;13,隔音,50?50,45%,怪兽/地面,"5,120",216,蓝色,重音怪[294]40级进化
#296,幕下力士,6,72,60,30,20,30,25,237,1;0;0;0;0;0,13;14,"厚脂肪,根性",75?25,180%,人型,"5,120",47,黄色,——
#297,超力王,6,144,120,60,40,60,50,474,2;0;0;0;0;0,13;15,"厚脂肪,根性",75?25,200%,人型,"5,120",166,褐色,——幕下力士[296]24级进化
#298,露莉莉,0;17,50,20,40,20,40,20,190,1;0;0;0;0;0,13;16,"厚脂肪,蛮力",25?75,150%,不能生蛋,"2,560",38,蓝色,白森林（限白）
#299,朝北鼻,12,30,45,135,45,90,30,375,0;0;1;0;0;0,13;17,"坚硬,磁力",50?50,255%,矿物,"5,120",75,灰色,——
#300,向尾猫,0,50,45,45,35,35,50,260,0;0;0;0;0;1,13;18,"诱人躯体,普通肌肤",25?75,255%,地面/妖精,"3,840",52,粉红,——小小森林（梦境）
#301,优雅猫,0,70,65,65,55,55,70,380,1;0;0;0;0;1,13;19,"诱人躯体,普通肌肤",25?75,60%,地面/妖精,"3,840",133,紫色,——向尾猫[300]月之石进化
#302,勾魂眼,15;13,50,75,75,65,65,50,380,0;1;1;0;0;0,13;20,"明锐目光,后手",50?50,45%,人型,"6,400",133,紫色,修行石洞
#303,钢嘴钳,16;17,50,85,85,55,55,50,380,0;1;1;0;0;0,13;22,"怪力钳,威吓",50?50,45%,地面/妖精,"5,120",133,黑色,修行石洞
#304,小钢甲,16;12,50,70,100,40,40,30,330,0;0;1;0;0;0,13;24,"坚硬,石脑",50?50,180%,怪兽,"8,960",66,灰色,白森林（限白）
#305,钢甲犀牛,16;12,60,90,140,50,50,40,430,0;0;2;0;0;0,13;25,"坚硬,石脑",50?50,90%,怪兽,"8,960",151,灰色,小钢甲[304]32级进化
#306,钢甲暴龙,16;12,70,110,180,60,60,50,530,0;0;3;0;0;0,13;26,"坚硬,石脑",50?50,45%,怪兽,"8,960",239,灰色,钢甲犀牛[305]42级进化
#307,瑜伽猴,6;10,30,40,55,40,55,60,280,0;0;0;0;0;1,13;28,Pure Power,50?50,180%,人型,"5,120",56,蓝色,——
#308,瑜伽王,6;10,60,60,75,60,75,80,410,0;0;0;0;0;2,13;29,Pure Power,50?50,90%,人型,"5,120",144,红色,——瑜伽猴[307]37级进化
#309,电气狗,3,40,45,40,65,40,65,295,0;0;0;0;0;1,14;1,"静电,避雷针",50?50,120%,地面,"5,120",59,绿色,——小小森林（梦境）
#310,雷电犬,3,70,75,60,105,60,105,475,0;0;0;0;0;2,14;2,"静电,避雷针",50?50,45%,地面,"5,120",166,黄色,——电气狗[309]26级进化
#311,正电兔,3,60,50,40,85,75,95,405,0;0;0;0;0;1,14;4,正极,50?50,200%,妖精,"5,120",142,黄色,6号路（情报、限黑）
#312,负电兔,3,60,40,50,75,85,95,405,0;0;0;0;0;1,14;5,负极,50?50,200%,妖精,"5,120",142,黄色,6号路（情报、限白）
#313,电萤虫,11,65,73,55,47,75,85,400,0;0;0;0;0;1,14;6,"发光,虫之预感",100?0,150%,虫/人型,"3,840",140,灰色,3号路（情报、限黑）
#314,甜甜萤,11,65,47,55,73,75,85,400,0;0;0;0;0;1,14;7,"迟钝,有色眼睛",0?100,150%,虫/人型,"3,840",140,紫色,3号路（情报、限白）
#315,毒蔷薇,4;7,50,60,45,100,80,65,400,0;0;0;2;0;0,14;8,"自然回复,毒刺",50?50,150%,妖精/植物,"5,120",140,,罗丝雷朵[407]生蛋，含羞苞[406]白天亲密进化
#316,溶食兽,7,70,43,53,43,53,40,302,1;0;0;0;0;0,14;9,"毒液,黏着",50?50,225%,无定型,"5,120",60,绿色,——
#317,吞食兽,7,100,73,83,73,83,55,467,2;0;0;0;0;0,14;10,"毒液,黏着",50?50,75%,无定型,"5,120",163,紫色,——溶食兽[316]26级进化
#318,利牙鱼,2;15,45,90,20,65,20,65,305,0;1;0;0;0;0,14;11,鲨皮,50?50,225%,水2,"5,120",61,红色,街之桥（钓鱼），光辉大海（梦境）
#319,巨牙鲨,2;15,70,120,40,95,40,95,460,0;2;0;0;0;0,14;12,鲨皮,50?50,60%,水2,"5,120",161,蓝色,街之桥（钓鱼、漩涡），利牙鱼[318]30级进化
#320,皮皮鲸,2,130,70,35,70,35,60,400,1;0;0;0;0;0,14;14,水之掩护,50?50,125%,地面/水2,"10,240",80,蓝色,笼目镇、笼目海湾（冲浪、漩涡），光辉大海（梦境）
#321,鲸鱼王,2,170,90,45,90,45,60,500,2;0;0;0;0;0,14;15,水之掩护,50?50,60%,地面/水2,"10,240",175,蓝色,笼目海湾（冲浪、漩涡），皮皮鲸[320]40级进化
#322,呆火驼,1;8,60,60,40,65,45,35,305,0;0;0;1;0;0,14;16,"迟钝,单纯",50?50,255%,地面,"5,120",61,黄色,——
#323,火山驼,1;8,70,100,70,105,75,40,460,0;1;0;1;0;0,14;17,"熔岩盔甲,坚岩",50?50,150%,地面,"5,120",161,红色,——呆火驼[322]33级进化
#324,煤炭龟,1,70,85,140,85,70,20,470,0;0;2;0;0;0,14;19,白烟,50?50,90%,地面,"5,120",165,褐色,——
#325,弹簧猪,10,60,25,35,70,80,60,330,0;0;0;0;1;0,14;20,"厚脂肪,自我中心",50?50,255%,地面,"5,120",66,黑色,——
#326,橡皮猪,10,80,45,65,90,110,80,470,0;0;0;0;2;0,14;21,"厚脂肪,自我中心",50?50,60%,地面,"5,120",165,紫色,——弹簧猪[325]32级进化
#327,圈圈兔,0,60,60,60,60,60,60,360,0;0;0;1;0;0,14;22,"自我中心,千鸟足",50?50,255%,地面/人型,"3,840",126,,——
#328,大颚蚁,8,45,100,45,45,45,10,290,0;1;0;0;0;0,14;23,"怪力钳,沙地面狱",50?50,255%,虫,"5,120",58,褐色,白森林（限白）
#329,沙蜻蜓,8;14,50,70,50,50,50,70,340,0;1;0;0;0;1,14;24,浮游,50?50,120%,虫,"5,120",119,绿色,大颚蚁[328]35级进化
#330,蜻蜓龙,8;14,80,100,80,80,80,100,520,0;1;0;0;0;2,14;25,浮游,50?50,45%,虫,"5,120",234,绿色,沙蜻蜓[329]45级进化
#331,仙人球,4,50,85,40,85,40,35,335,0;0;0;1;0;0,14;26,沙遁,50?50,190%,植物/人型,"5,120",67,绿色,——
#332,恶魔仙人掌,4;15,70,115,60,115,60,55,475,0;1;0;1;0;0,14;27,沙遁,50?50,60%,植物/人型,"5,120",166,绿色,——仙人掌[331]32级进化
#333,小云雀,0;9,45,40,60,40,75,50,310,0;0;0;0;1;0,14;28,自然回复,50?50,255%,飞行/龙,"5,120",62,蓝色,碧云龙[334]生蛋，广阔天空（梦境）
#334,碧云龙,14;9,75,70,90,70,105,80,490,0;0;0;0;2;0,14;29,自然回复,50?50,45%,飞行/龙,"5,120",172,蓝色,14号路，小云雀[333]35级进化
#335,杀手兔,0,73,115,60,60,60,90,458,0;2;0;0;0;0,15;1,免疫,50?50,90%,地面,"5,120",160,,11号路、街桥
#336,饭匙蛇,7,73,100,60,100,60,65,458,0;1;0;1;0;0,15;2,脱皮,50?50,90%,地面/龙,"5,120",160,,11号路、街桥
#337,月亮石,12;10,70,55,65,95,85,70,440,0;0;0;2;0;0,15;3,浮游,x,45%,矿物,"6,400",154,黄色,13号路、巨人洞穴
#338,太阳岩,12;10,70,95,85,55,65,70,440,0;2;0;0;0;0,15;4,浮游,x,45%,矿物,"6,400",154,红色,13号路、巨人洞穴
#339,泥泥鳅,2;8,50,48,43,46,41,60,288,1;0;0;0;0;0,15;5,"迟钝,预知危险",50?50,190%,水2,"5,120",58,灰色,8号路、雪化市、雪化湿原（钓鱼），光辉大海（梦境）
#340,鲶鱼王,2;8,110,78,73,76,71,60,468,2;0;0;0;0;0,15;6,"迟钝,预知危险",50?50,75%,水2,"5,120",164,蓝色,8号路、雪化市、雪化湿原（钓鱼、漩涡），泥泥鳅[339]30级进化
#341,龙虾小兵,2,43,80,65,50,35,35,308,0;1;0;0;0;0,15;7,"怪力钳,贝壳装甲",50?50,205%,水1/水3,"3,840",62,红色,白森林（限白），光辉大海（梦境）
#342,铁螯龙虾,2;15,63,120,85,90,55,55,468,0;2;0;0;0;0,15;8,"怪力钳,贝壳装甲",50?50,155%,水1/水3,"3,840",164,红色,龙虾小兵[341]30级进化
#343,天平偶,8;10,40,40,55,40,70,55,300,0;0;0;0;1;0,15;9,浮游,x,255%,矿物,"5,120",60,褐色,念力土偶[344]生蛋
#344,念力土偶,8;10,60,70,105,70,120,75,500,0;0;0;0;2;0,15;10,浮游,x,90%,矿物,"5,120",175,黑色,古代之城，天平偶[343]36级进化
#345,触手百合,12;4,66,41,77,61,87,23,355,0;0;0;0;1;0,15;11,吸盘,87.5?12.5,45%,水3,"7,680",71,紫色,七宝博物馆使用根部化石复活，光辉大海（梦境）
#346,摇篮百合,12;4,86,81,97,81,107,43,495,0;0;0;0;2;0,15;12,吸盘,87.5?12.5,45%,水3,"7,680",173,绿色,触手百合[345]40级进化
#347,太古翼虫,12;11,45,95,50,40,50,75,355,0;1;0;0;0;0,15;13,甲虫盔甲,87.5?12.5,45%,水3,"7,680",71,灰色,七宝博物馆使用爪部化石复活，光辉大海（梦境）
#348,太古盔甲,12;11,75,125,100,70,80,45,495,0;2;0;0;0;0,15;14,甲虫盔甲,87.5?12.5,45%,水3,"7,680",173,灰色,太古翼虫[347]40级进化
#349,笨笨鱼,2,20,15,20,10,55,80,200,0;0;0;0;0;1,15;15,湿滑,50?50,255%,水1/龙,"5,120",40,褐色,1号路（钓鱼），光辉大海（梦境）
#350,美丽龙,2,95,60,79,100,125,81,540,0;0;0;0;2;0,15;16,神奇鳞片,50?50,60%,水1/龙,"5,120",189,粉红,1号路（钓鱼、漩涡），笨笨鱼[349]美丽度170升级进化，笨笨鱼[349]携美丽鳞通信进化
#351,漂浮泡泡,0,70,70,70,70,70,70,420,1;0;0;0;0;0,15;17,天气台,50?50,45%,妖精/无定型,"6,400",147,白色,——小小森林（梦境）
#352,变色龙,0,60,90,70,60,120,40,440,0;0;0;0;1;0,15;21,变色,50?50,200%,地面,"5,120",154,绿色,——
#353,怨影娃娃,13,44,75,35,63,33,45,295,0;1;0;0;0;0,15;22,"不眠,读心术",50?50,225%,无定型,"6,400",59,黑色,13号路（情报）
#354,诅咒娃娃,13,64,115,65,83,63,65,455,0;2;0;0;0;0,15;23,"不眠,读心术",50?50,45%,无定型,"6,400",159,黑色,怨影娃娃[353]37级进化
#355,夜骷颅,13,20,40,90,30,90,25,295,0;0;0;0;1;0,15;25,浮游,50?50,190%,无定型,"6,400",59,黑色,——
#356,夜巨人,13,40,70,130,60,130,25,455,0;0;1;0;1;0,15;26,压力,50?50,90%,无定型,"6,400",159,黑色,——夜骷颅[355]37级进化
#357,热带龙,4;9,99,68,83,72,87,51,460,2;0;0;0;0;0,15;27,"叶绿素,太阳能量",50?50,200%,怪兽/植物,"6,400",161,绿色,14号路，广阔天空（梦境）
#358,风铃铃,10,65,50,70,95,80,65,425,0;0;0;1;1;0,15;28,浮游,50?50,45%,无定型,"6,400",149,蓝色,丰收神社，金铃铛[433]亲密白天升级进化
#359,灾兽,15,65,130,60,75,60,75,465,0;2;0;0;0;0,15;29,"压力,强运",50?50,30%,地面,"6,400",163,,13号路、巨人洞穴
#360,小果然,10,95,23,48,23,48,23,260,1;0;0;0;0;0,16;1,踩影,50?50,125%,不能生蛋,"5,120",52,蓝色,2号路（情报）
#361,雪童子,5,50,50,50,50,50,50,300,1;0;0;0;0;0,16;2,"精神力,冰躯体",50?50,190%,妖精/矿物,"5,120",60,灰色,——
#362,冰鬼护,5,80,80,80,80,80,80,480,2;0;0;0;0;0,16;3,"精神力,冰躯体",50?50,75%,妖精/矿物,"5,120",168,灰色,——雪童子[361]42级进化
#363,海豹球,5;2,70,40,50,55,50,25,290,1;0;0;0;0;0,16;5,"厚脂肪,冰躯体",50?50,255%,水1/地面,"5,120",58,蓝色,笼目海湾 （冬季、冲浪）
#364,海魔狮,5;2,90,60,70,75,70,45,410,2;0;0;0;0;0,16;6,"厚脂肪,冰躯体",50?50,120%,水1/地面,"5,120",144,蓝色,笼目海湾 （冬季、冲浪、漩涡），海豹球[363]32级进化
#365,帝牙海狮,5;2,110,80,90,95,90,65,530,3;0;0;0;0;0,16;7,"厚脂肪,冰躯体",50?50,45%,水1/地面,"5,120",239,蓝色,笼目海湾 （冬季、冲浪、漩涡），海魔狮[364]44级进化
#366,珍珠贝,2,35,64,85,74,55,32,345,0;0;1;0;0;0,16;8,贝壳装甲,50?50,255%,水1,"5,120",69,蓝色,4号路（钓鱼），光辉大海（梦境）
#367,猎斑鳗,2,55,104,105,94,75,52,485,0;1;1;0;0;0,16;9,湿滑,50?50,60%,水1,"5,120",170,蓝色,4号路（钓鱼、漩涡、限黑），珍珠贝[366]携深海之牙通信进化
#368,樱花鳗,2,55,84,105,114,75,52,485,0;0;0;2;0;0,16;10,湿滑,50?50,60%,水1,"5,120",170,粉红,4号路（钓鱼、漩涡、限白），珍珠贝[366]携深海之鳞通信进化
#369,化石鱼,2;12,100,90,130,45,65,55,485,1;0;1;0;0;0,16;11,"湿滑,石脑",87.5?12.5,25%,水1/水2,"10,240",170,灰色,4号路（钓鱼、漩涡），光辉大海（梦境）
#370,爱心鱼,2,43,30,55,40,65,97,330,0;0;0;0;0;1,16;12,湿滑,25?75,225%,水2,"5,120",116,粉红,4、13号路、帆卷市、笼目镇、笼目海湾（钓鱼），光辉大海（梦境）
#371,宝贝龙,14,45,75,60,40,30,50,300,0;1;0;0;0;0,16;13,石脑,50?50,45%,龙,"10,240",60,蓝色,白森林（限白）
#372,甲壳龙,14,65,95,100,60,50,50,420,0;0;2;0;0;0,16;14,石脑,50?50,45%,龙,"10,240",147,白色,宝贝龙[371]30级进化
#373,血翼飞龙,14;9,95,135,80,110,80,100,600,0;3;0;0;0;0,16;15,威吓,50?50,45%,龙,"10,240",270,蓝色,甲壳龙[372]50级进化
#374,铁哑铃,16;10,40,55,80,35,60,30,300,0;0;1;0;0;0,16;17,净体,x,3%,矿物,"10,240",60,蓝色,金属怪[375]生蛋
#375,金属怪,16;10,60,75,100,55,80,50,420,0;0;2;0;0;0,16;18,净体,x,3%,矿物,"10,240",147,蓝色,巨人洞穴，铁哑铃[374]20级进化
#376,合金十字,16;10,80,135,130,95,90,70,600,0;0;3;0;0;0,16;19,净体,x,3%,矿物,"10,240",270,蓝色,巨人洞穴（抖草），金属怪[375]45级进化
#377,岩神柱,12,80,100,200,50,100,50,580,0;0;3;0;0;0,16;21,净体,x,3%,不能生蛋,"20,480",261,褐色,——
#378,冰神柱,5,80,50,100,100,200,50,580,0;0;0;0;3;0,16;22,净体,x,3%,不能生蛋,"20,480",261,蓝色,——
#379,钢神柱,16,80,75,150,75,150,50,580,0;0;2;0;1;0,16;23,净体,x,3%,不能生蛋,"20,480",261,灰色,——
#380,拉提亚斯,14;10,80,80,90,110,130,110,600,0;0;0;0;3;0,16;24,浮游,0?100,3%,不能生蛋,"30,720",270,红色,——
#381,拉提奥斯,14;10,80,90,80,130,110,110,600,0;0;0;3;0;0,16;26,浮游,100?0,3%,不能生蛋,"30,720",270,蓝色,——
#382,海皇牙,2,100,100,90,150,140,90,670,0;0;0;3;0;0,16;28,暴雨,x,5%,不能生蛋,"30,720",302,蓝色,——
#383,古拉顿,8,100,150,140,100,90,90,670,0;3;0;0;0;0,17;0,干旱,x,5%,不能生蛋,"30,720",302,红色,——
#384,烈空座,14;9,105,150,90,150,90,95,680,0;2;0;1;0;0,17;2,空气锁,x,3%,不能生蛋,"30,720",306,绿色,——
#385,吉拉祈,16;10,100,100,100,100,100,100,600,3;0;0;0;0;0,17;4,天之恩赐,x,3%,不能生蛋,"30,720",270,黄色,——
#386,迪奥西斯,10,50,150,50,150,50,150,600,0;1;0;1;0;1,17;5,压力,x,3%,不能生蛋,"30,720",270,红色,——
#387,草苗龟,4,55,68,64,45,55,31,318,0;1;0;0;0;0,17;9,发芽,87.5?12.5,45%,怪兽/植物,"5,120",64,绿色,——
#388,树林龟,4,75,89,85,55,65,36,405,0;1;1;0;0;0,17;10,发芽,87.5?12.5,45%,怪兽/植物,"5,120",142,绿色,——草苗龟[387]18级进化
#389,土台龟,4;8,95,109,105,75,85,56,525,0;2;1;0;0;0,17;11,发芽,87.5?12.5,45%,怪兽/植物,"5,120",236,,——树林龟[388]32级进化
#390,小火猴,1,44,58,44,58,44,61,309,0;0;0;0;0;1,17;12,猛火,87.5?12.5,45%,地面/人型,"5,120",62,,——
#391,猛火猴,1;6,64,78,52,78,52,81,405,0;0;0;1;0;1,17;13,猛火,87.5?12.5,45%,地面/人型,"5,120",142,,——小火猴[390]14级进化
#392,烈焰猴,1;6,76,104,71,104,71,108,534,0;1;0;1;0;1,17;14,猛火,87.5?12.5,45%,地面/人型,"5,120",240,褐色,——猛火猴[391]36级进化
#393,波加曼,2,53,51,53,61,56,40,314,0;0;0;1;0;0,17;15,激流,87.5?12.5,45%,水1/地面,"5,120",63,蓝色,——
#394,波皇子,2,64,66,68,81,76,50,405,0;0;0;2;0;0,17;16,激流,87.5?12.5,45%,水1/地面,"5,120",142,蓝色,——波加曼[393]16级进化
#395,帝王拿波,2;16,84,86,88,111,101,60,530,0;0;0;3;0;0,17;17,激流,87.5?12.5,45%,水1/地面,"5,120",239,蓝色,——波皇子[394]36级进化
#396,姆克儿,0;9,40,55,30,30,30,60,245,0;0;0;0;0;1,17;18,明锐目光,50?50,255%,飞行,"3,840",49,褐色,白森林（限白）
#397,姆克鸟,0;9,55,75,50,40,40,80,340,0;0;0;0;0;2,17;19,威吓,50?50,120%,飞行,"3,840",119,褐色,姆克儿[396]14级进化，广阔天空（梦境）
#398,姆克鹰,0;9,85,120,70,50,50,100,475,0;3;0;0;0;0,17;20,威吓,50?50,45%,飞行,"3,840",214,褐色,姆克鸟[397]34级进化
#399,大牙狸,0,59,45,40,35,40,31,250,1;0;0;0;0;0,17;21,"单纯,天然",50?50,255%,水1/地面,"3,840",50,褐色,大河狸[400]生蛋，小小森林（梦境）
#400,大河狸,0;2,79,85,60,55,60,71,410,0;2;0;0;0;0,17;22,"单纯,天然",50?50,127%,水1/地面,"3,840",144,褐色,街桥
#401,幼蟋蟀,11,37,25,41,25,41,25,194,0;0;1;0;0;0,17;23,脱皮,50?50,255%,虫,"3,840",39,红色,音箱蟀[402]生蛋
#402,音蟋蟀,11,77,85,51,55,51,65,384,0;2;0;0;0;0,17;24,虫之预感,50?50,45%,虫,"3,840",134,红色,梦之遗迹（通关）
#403,小猫怪,3,45,65,34,40,34,45,263,0;1;0;0;0;0,17;25,"斗争心,威吓",50?50,235%,地面,"5,120",53,蓝色,白森林（限白）
#404,勒克猫,3,60,85,49,60,49,60,363,0;2;0;0;0;0,17;26,"斗争心,威吓",50?50,120%,地面,"5,120",127,蓝色,小猫怪[403]15级进化
#405,伦琴猫,3,80,120,79,95,79,70,523,0;3;0;0;0;0,17;27,"斗争心,威吓",50?50,45%,地面,"5,120",235,蓝色,勒克猫[404]30级进化
#406,含羞苞,4;7,40,30,35,50,70,55,280,0;0;0;1;0;0,17;28,"自然回复,毒刺",50?50,255%,不能生蛋,"5,120",56,,毒蔷薇[315]或罗丝雷朵[407]携蔷薇之香生蛋
#407,假面玫瑰,4;7,60,70,55,125,105,90,505,0;0;0;3;0;0,17;29,"自然回复,毒刺",50?50,75%,妖精/植物,"5,120",227,,白森林（限白），毒蔷薇[315]光之石进化
#408,头盖龙,12,67,125,40,30,30,58,350,0;1;0;0;0;0,18;0,破格,87.5?12.5,45%,怪兽,"7,680",70,蓝色,七宝博物馆使用头盖化石复活
#409,战槌龙,12,97,165,60,65,50,58,495,0;2;0;0;0;0,18;1,破格,87.5?12.5,45%,怪兽,"7,680",173,蓝色,头盖龙[408]30级进化
#410,盾甲龙,12;16,30,42,118,42,88,30,350,0;0;1;0;0;0,18;2,坚硬,87.5?12.5,45%,怪兽,"7,680",70,灰色,七宝博物馆使用盾甲化石复活
#411,护城龙,12;16,60,52,168,47,138,30,495,0;0;2;0;0;0,18;3,坚硬,87.5?12.5,45%,怪兽,"7,680",173,灰色,盾甲龙[410]30级进化
#412,结草儿,11,40,29,45,29,45,36,224,0;0;0;0;1;0,18;4,脱皮,50?50,120%,虫,"3,840",45,灰色,——咖啡厅（梦境）
#413,结草贵妇,11;4,60,59,85,79,105,36,424,0;0;0;0;2;0,18;7,预知危险,0?100,45%,虫,"3,840",148,灰色,——雌性结草儿[412]20级进化
#414,绅士蛾,11;9,70,94,50,94,50,66,424,0;1;0;1;0;0,18;10,虫之预感,100?0,45%,虫,"3,840",148,黄色,——雄性结草儿[412]20级进化
#415,三蜜蜂,11;9,30,30,42,30,42,70,244,0;0;0;0;0;1,18;11,产蜜,87.5?12.5,120%,虫,"3,840",49,黄色,12号路
#416,蜂后,11;9,70,80,102,80,102,40,474,0;0;1;0;1;0,18;12,压力,0?100,45%,虫,"3,840",166,黄色,12号路，雌性三蜜蜂[415]21级进化
#417,帕奇利兹,3,60,45,70,45,90,95,405,0;0;0;0;0;1,18;13,"逃足,拾荒",50?50,200%,地面/妖精,"2,560",142,白色,——小小森林（梦境）
#418,泳气鼬,2,55,65,35,60,30,85,330,0;0;0;0;0;1,18;14,湿滑,50?50,190%,水1/地面,"5,120",66,褐色,11、14号路（冲浪）
#419,浮鼬王,2,85,105,55,85,50,115,495,0;0;0;0;0;2,18;15,湿滑,50?50,75%,水1/地面,"5,120",173,褐色,11、14号路（冲浪、漩涡），泳气鼬[418]26级进化
#420,樱花宝,4,45,35,45,62,53,35,275,0;0;0;1;0;0,18;16,叶绿素,50?50,190%,妖精/植物,"5,120",55,粉红,樱花兽[421]生蛋
#421,樱花兽,4,70,60,70,87,78,85,450,0;0;0;2;0;0,18;17,花礼,50?50,75%,妖精/植物,"5,120",158,粉红,12号路，樱花宝[420]25级进化
#422,无壳海牛,2,76,48,48,57,62,34,325,1;0;0;0;0;0,18;19,"黏着,吸水",50?50,190%,水1/无定型,"5,120",65,紫色,——光辉大海（梦境）
#423,海牛兽,2;8,111,83,68,92,82,39,475,2;0;0;0;0;0,18;21,"黏着,吸水",50?50,75%,水1/无定型,"5,120",166,紫色,——无壳海牛[422]30级进化
#424,双尾猴,0,75,100,66,60,66,115,482,0;0;0;0;0;2,18;23,"技师,拾荒",50?50,45%,地面,"5,120",169,紫色,——手尾猴[190]习得[双重攻击]后升级进化
#425,飘飘球,13;9,90,50,34,60,44,70,348,1;0;0;0;0;0,18;24,"诱爆,轻盈",50?50,125%,无定型,"7,680",70,紫色,气球鬼[426]生蛋，广阔天空（梦境）
#426,气球鬼,13;9,150,80,44,90,54,80,498,2;0;0;0;0;0,18;25,"诱爆,轻盈",50?50,60%,无定型,"7,680",174,紫色,13、14号路、巨人洞穴，飘飘球[425]28级进化
#427,卷卷耳,0,55,66,44,44,56,85,350,0;0;0;0;0;1,18;26,"逃足,笨手笨脚",50?50,190%,地面/人型,"5,120",70,褐色,——小小森林（梦境）
#428,长耳兔,0,65,76,84,54,96,105,480,0;0;0;0;0;2,18;27,"诱人躯体,笨手笨脚",50?50,60%,地面/人型,"5,120",168,褐色,——卷卷耳[427]亲密进化
#429,梦魇,13,60,60,60,105,105,105,495,0;0;0;1;1;0,18;29,浮游,50?50,45%,无定型,"6,400",173,紫色,丰收神社（抖草、限白），梦妖[200]暗之石进化
#430,绅士鸦,15;9,100,125,52,105,52,71,505,0;2;0;0;0;0,19;0,"不眠,强运",50?50,30%,飞行,"5,120",177,黑色,丰收神社（抖草、限黑），黑暗鸭[198]暗之石进化
#431,魅力喵,0,49,55,42,42,37,85,310,0;0;0;0;0;1,19;1,"柔软,自我中心",25?75,190%,地面,"5,120",62,灰色,——小小森林（梦境）
#432,东施喵,0,71,82,64,64,59,112,452,0;0;0;0;0;2,19;2,"厚脂肪,自我中心",25?75,75%,地面,"5,120",158,灰色,——魅力喵[431]38级进化
#433,金铃铛,10,45,30,50,65,50,45,285,0;0;0;1;0;0,19;3,浮游,50?50,120%,不能生蛋,"6,400",57,黄色,风铃铃[358]携净化之香生蛋
#434,毒鼬,7;15,63,63,47,41,41,74,329,0;0;0;0;0;1,19;4,"恶臭,诱爆",50?50,225%,地面,"5,120",66,紫色,——
#435,大毒鼬,7;15,103,93,67,71,61,84,479,2;0;0;0;0;0,19;5,"恶臭,诱爆",50?50,60%,地面,"5,120",168,紫色,——毒鼬[434]34级进化
#436,古铜镜,16;10,57,24,86,24,86,23,300,0;0;1;0;0;0,19;6,"浮游,耐热",x,255%,矿物,"5,120",60,绿色,古铜钟[437]生蛋
#437,古铜钟,16;10,67,89,116,79,116,33,500,0;0;1;0;1;0,19;7,"浮游,耐热",x,90%,矿物,"5,120",175,绿色,丰收神社
#438,胡说盆栽,12,50,80,95,10,45,10,290,0;0;1;0;0;0,19;8,"坚硬,石脑",50?50,255%,不能生蛋,"5,120",58,褐色,——
#439,魔尼尼,10;17,20,25,45,70,90,60,310,0;0;0;0;1;0,19;9,"隔音,过滤器",50?50,145%,不能生蛋,"6,400",62,粉红,——
#440,好运蛋,0,100,5,5,15,65,30,220,1;0;0;0;0;0,19;10,"自然回复,天之恩赐",0?100,130%,不能生蛋,"10,240",110,粉红,白森林（限白），吉利蛋[113]或幸福蛋[242]携幸运之香生蛋
#441,音符鹦鹉,0;9,76,65,45,92,42,91,411,0;1;0;0;0;0,19;11,"明锐目光,千鸟足",50?50,30%,飞行,"5,120",144,黑色,——
#442,鬼盆栽,13;15,50,92,108,92,108,35,485,0;0;1;0;1;0,19;12,压力,50?50,100%,无定型,"7,680",170,紫色,——
#443,幼牙龙,14;8,58,70,45,40,45,42,300,0;1;0;0;0;0,19;13,沙遁,50?50,45%,怪兽/龙,"10,240",60,蓝色,——
#444,镰牙龙,14;8,68,90,65,50,55,82,410,0;2;0;0;0;0,19;14,沙遁,50?50,45%,怪兽/龙,"10,240",144,蓝色,——[443]24级进化
#445,地面龙,14;8,108,130,95,80,85,102,600,0;3;0;0;0;0,19;15,沙遁,50?50,45%,怪兽/龙,"10,240",270,蓝色,——[444]48级进化
#446,小卡比兽,0,135,85,40,40,85,5,390,1;0;0;0;0;0,19;17,"拾荒,厚脂肪",87.5?12.5,50%,不能生蛋,"10,240",78,黑色,在笼目镇用[573]与NPC交换（夏季）
#447,利欧路,6,40,70,40,35,40,60,285,0;1;0;0;0;0,19;18,"不屈之心,精神力",87.5?12.5,75%,不能生蛋,"6,400",57,蓝色,修行石洞
#448,路卡利欧,6;16,70,110,70,115,70,90,525,0;1;0;1;0;0,19;19,"不屈之心,精神力",87.5?12.5,45%,地面/人型,"6,400",184,蓝色,利欧路[447]亲密白天升级进化
#449,土河马,8,68,72,78,38,42,32,330,0;0;1;0;0;0,19;21,引沙,50?50,140%,地面,"7,680",66,褐色,4号路（情报）
#450,河马兽,8,108,112,118,68,72,47,525,0;0;2;0;0;0,19;22,引沙,50?50,60%,地面,"7,680",184,褐色,土河马[449]34级进化
#451,紫天蝎,7;11,40,50,90,30,55,65,330,0;0;1;0;0;0,19;23,"甲虫盔甲,狙击手",50?50,120%,虫/水3,"5,120",66,紫色,——
#452,龙王蝎,7;15,70,90,110,60,75,95,500,0;0;2;0;0;0,19;24,"甲虫盔甲,狙击手",50?50,45%,虫/水3,"5,120",175,紫色,——紫天蝎[451]40级进化
#453,不良蛙,7;6,48,61,40,61,40,50,300,0;1;0;0;0;0,19;25,"预知危险,干燥皮肤",50?50,140%,人型,"2,560",60,蓝色,8号路（情报）
#454,毒骷蛙,7;6,83,106,65,86,65,85,490,0;2;0;0;0;0,19;26,"预知危险,干燥皮肤",50?50,75%,人型,"5,120",172,蓝色,不良蛙[453]37级进化
#455,尖牙笼,4,74,100,72,90,72,46,454,0;2;0;0;0;0,19;27,浮游,50?50,200%,植物,"6,400",159,绿色,——
#456,萤光鱼,2,49,49,56,49,61,66,330,0;0;0;0;0;1,19;28,"湿滑,吸水",50?50,190%,水2,"5,120",66,蓝色,17、18号路、P2（钓鱼）
#457,霓虹鱼,2,69,69,76,69,86,91,460,0;0;0;0;0;2,19;29,"湿滑,吸水",50?50,75%,水2,"5,120",161,蓝色,17、18号路、P2（钓鱼、漩涡），萤光鱼[456]31级进化
#458,小球飞鱼,2;9,45,20,50,60,120,50,345,0;0;0;0;1;0,20;0,湿滑,50?50,25%,不能生蛋,"6,400",69,蓝色,"笼目镇 (全季节冲浪), 笼目海湾 (春夏秋冲浪)"
#459,雪笠怪,4;5,60,62,50,62,60,40,334,0;1;0;0;0;0,20;1,降雪,50?50,120%,怪兽/植物,"5,120",67,白色,——
#460,暴雪王,4;5,90,92,75,92,85,60,494,0;1;0;1;0;0,20;2,降雪,50?50,60%,怪兽/植物,"5,120",173,白色,——雪笠怪[459]40级进化
#461,玛狃拉,15;5,70,120,65,45,85,125,510,0;1;0;0;0;1,20;4,压力,50?50,45%,地面,"5,120",179,黑色,狃拉[215]携尖锐爪夜晚升级进化
#462,自爆磁怪,3;16,70,70,115,130,90,60,535,0;0;0;3;0;0,20;5,"磁力,坚硬",x,30%,矿物,"5,120",241,灰色,三合一磁怪[82]在电气石洞穴升级进化
#463,大舌舔,0,110,85,95,80,95,50,515,3;0;0;0;0;0,20;6,自我中心,50?50,30%,怪兽,"5,120",180,粉红,大舌头[108]习得[滚动]进化
#464,重甲暴龙,8;12,115,140,130,55,55,40,535,0;3;0;0;0;0,20;7,"避雷针,坚岩",50?50,30%,怪兽/地面,"5,120",241,灰色,铁甲暴龙[112]携保护装甲通信进化
#465,巨藤怪,4,100,100,125,110,50,50,535,0;0;2;0;0;0,20;8,"叶绿素,绿叶守护",50?50,30%,植物,"5,120",187,蓝色,13号路，巨人洞穴（抖草），蔓藤怪[114]习得[原始力量]升级进化
#466,电击魔兽,3,75,123,67,95,85,95,540,0;3;0;0;0;0,20;9,电力引擎,75?25,30%,人型,"6,400",243,黄色,电击兽[125]携电力驱动器通信进化
#467,鸭嘴焰龙,1,75,95,67,125,95,83,540,0;0;0;3;0;0,20;10,火焰身躯,75?25,30%,人型,"6,400",243,,鸭嘴火龙[126]携岩浆驱动器通信进化
#468,波克基斯,9;17,85,50,95,120,115,80,545,0;0;0;2;1;0,20;11,"紧张,天之恩赐",87.5?12.5,30%,飞行/妖精,"2,560",245,,波克基古[176]光之石进化
#469,古蜻蜓,11;9,86,76,86,116,56,95,515,0;2;0;0;0;0,20;12,"加速,有色眼睛",50?50,30%,虫,"5,120",180,绿色,洋洋蜻蜓[193]习得[原始力量]后升级进化
#470,叶精灵,4,65,110,130,60,65,95,525,0;0;2;0;0;0,20;13,"绿叶守护,绿叶守护",87.5?12.5,45%,地面,"8,960",184,绿色,——伊布[133]在生苔的岩石附近升级进化
#471,冰精灵,5,65,60,110,130,95,65,525,0;0;0;2;0;0,20;14,"雪遁,雪遁",87.5?12.5,45%,地面,"8,960",184,蓝色,——伊布[133]在冻结的岩石附近升级进化
#472,巨钳天蝎,8;9,75,95,125,45,75,95,510,0;0;2;0;0;0,20;15,"怪力钳,沙遁",50?50,30%,虫,"5,120",179,紫色,11、15号路，镰刀天蝎[207]携带尖锐牙在夜晚升级进化
#473,猛犸,5;8,110,130,80,70,60,80,530,0;3;0;0;0;0,20;16,"迟钝,雪遁",50?50,50%,地面,"5,120",239,褐色,巨人洞穴（抖草），长毛猪[221]习得[原始力量]后升级进化
#474,３Ｄ龙Ｚ,0,85,80,70,135,75,90,535,0;0;0;3;0;0,20;17,适应力,x,30%,矿物,"5,120",241,红色,3D龙2[233]携神秘升级卡通信进化
#475,艾路雷朵,10;6,68,125,65,65,115,80,518,0;3;0;0;0;0,20;18,不屈之心,100?0,45%,无定型,"5,120",233,白色,雄性奇鲁莉安[281]觉醒石进化
#476,朝北巨鼻,12;16,60,55,145,75,150,40,525,0;0;1;0;2;0,20;20,"坚硬,磁力",50?50,60%,矿物,"5,120",184,灰色,——朝北鼻[299]电气石洞穴升级进化
#477,夜魔人,13,45,100,135,65,135,45,525,0;0;1;0;2;0,20;21,压力,50?50,45%,无定型,"6,400",236,黑色,——夜巨人[356]携灵界之布通信进化
#478,雪妖女,5;13,70,80,70,80,70,110,480,0;0;0;0;0;2,20;22,"雪遁,雪遁",0?100,75%,妖精/矿物,"5,120",168,白色,——雌性雪童子[361]觉醒石进化
#479,电鬼,3;13,50,50,77,95,77,91,440,0;0;0;1;0;1,20;23,浮游,x,45%,无定型,"5,120",154,红色,15号路用百变怪交换
#480,黄圣菇,10,75,75,130,75,130,95,580,0;0;2;0;1;0,20;29,浮游,x,3%,不能生蛋,"20,480",261,黄色,——
#481,红圣菇,10,80,105,105,105,105,80,580,0;1;0;1;1;0,21;0,浮游,x,3%,不能生蛋,"20,480",261,粉红,——
#482,蓝圣菇,10,75,125,70,125,70,115,580,0;2;0;1;0;0,21;1,浮游,x,3%,不能生蛋,"20,480",261,蓝色,——
#483,迪亚鲁加,16;14,100,120,120,150,100,90,680,0;0;0;3;0;0,21;2,压力,x,30%,不能生蛋,"30,720",306,白色,——
#484,帕鲁基亚,2;14,90,120,100,150,120,100,680,0;0;0;3;0;0,21;3,压力,x,30%,不能生蛋,"30,720",306,紫色,——
#485,火钢兽,1;16,91,90,106,130,106,77,600,0;0;0;3;0;0,21;4,引火,50?50,3%,不能生蛋,"2,560",270,褐色,——
#486,圣柱王,0,110,160,110,80,110,100,670,0;3;0;0;0;0,21;5,慢启动,x,3%,不能生蛋,"30,720",302,白色,——
#487,冥王龙,13;14,150,100,120,100,120,90,680,3;0;0;0;0;0,21;6,压力,x,3%,不能生蛋,"30,720",306,黑色,——
#488,美梦神,10,120,70,120,75,130,85,600,0;0;0;0;3;0,21;8,浮游,0?100,3%,不能生蛋,"30,720",270,黄色,——
#489,菲奥奈,2,80,80,80,80,80,80,480,1;0;0;0;0;0,21;9,湿润身体,x,30%,水1/妖精,"10,240",216,蓝色,——
#490,玛娜菲,2,100,100,100,100,100,100,600,3;0;0;0;0;0,21;10,湿润身体,x,3%,水1/妖精,"2,560",270,蓝色,——
#491,噩梦神,15,70,90,90,135,90,125,600,0;0;0;2;0;1,21;12,梦魇,x,3%,不能生蛋,"30,720",270,黑色,——
#492,草刺猬,4,100,100,100,100,100,100,600,3;0;0;0;0;0,21;13,自然回复,x,45%,不能生蛋,"30,720",270,绿色,——
#493,创世神,0,120,120,120,120,120,120,720,3;0;0;0;0;0,21;15,多属性,x,3%,不能生蛋,"30,720",324,,——
#494,比克提尼,10;1,100,100,100,100,100,100,600,3;0;0;0;0;0,21;16,胜利之星,x,3%,不能生蛋,"30,720",270,黄色,WIFI配信得到自由船票，在飞云市坐船来到自由花园岛，最深处遇到
#495,藤藤蛇,4,45,45,55,45,55,63,308,0;0;0;0;0;1,21;17,发芽,87.5?12.5,45%,地面/植物,"5,120",28,绿色,初始三选一
#496,青藤蛇,4,60,60,75,60,75,83,413,0;0;0;0;0;2,21;18,发芽,87.5?12.5,45%,地面/植物,"5,120",145,绿色,[495]17级进化
#497,君主蛇,4,75,75,95,75,95,113,528,0;0;0;0;0;3,21;19,发芽,87.5?12.5,45%,地面/植物,"5,120",238,绿色,[496]36级进化
#498,暖暖猪,1,65,63,45,45,45,45,308,1;0;0;0;0;0,21;20,猛火,87.5?12.5,45%,地面,"5,120",28,红色,初始三选一
#499,炒炒猪,1;6,90,93,55,70,55,55,418,0;2;0;0;0;0,21;21,猛火,87.5?12.5,45%,地面,"5,120",146,红色,[498]17级进化
#500,炎武王,1;6,110,123,65,100,65,65,528,0;3;0;0;0;0,21;22,猛火,87.5?12.5,45%,地面,"5,120",238,,[499]36级进化
#501,水水獭,2,55,55,45,63,45,45,308,0;0;0;1;0;0,21;23,激流,87.5?12.5,45%,地面,"5,120",28,蓝色,初始三选一
#502,双刃丸,2,75,75,60,83,60,60,413,0;0;0;2;0;0,21;24,激流,87.5?12.5,45%,地面,"5,120",145,蓝色,[501]17级进化
#503,大剑鬼,2,95,100,85,108,70,70,528,0;0;0;3;0;0,21;25,激流,87.5?12.5,45%,地面,"5,120",238,蓝色,[502]36级进化
#504,探探鼠,0,45,55,39,35,39,42,255,0;1;0;0;0;0,21;26,"逃足,明锐目光",50?50,255%,地面,"3,840",51,褐色,1、2、3号路、梦之遗迹
#505,步哨鼠,0,60,85,69,60,69,77,420,0;1;0;0;0;0,21;27,"发光,明锐目光",50?50,255%,地面,"5,120",147,褐色,1、7、15、18号路、梦之遗迹、P2，[504]20级进化
#506,小约克,0,45,60,45,25,45,55,275,0;1;0;0;0;0,21;28,"斗志,拾荒",50?50,255%,地面,"3,840",55,褐色,1、2、3号路
#507,哈约克,0,65,80,65,35,65,60,370,0;2;0;0;0;0,21;29,"威吓,挖沙",50?50,120%,地面,"3,840",130,灰色,1、10号路、冷冻仓库、P2，[506]16级进化
#508,长毛狗,0,85,100,90,45,90,80,490,0;3;0;0;0;0,22;0,"威吓,挖沙",50?50,45%,地面,"3,840",221,灰色,10号路、冷冻仓库、P2（抖草），[507]32级进化
#509,扒手猫,15,41,50,37,50,37,66,281,0;0;0;0;0;1,22;1,"柔软,轻盈",50?50,255%,地面,"5,120",56,紫色,2、3号路、梦之遗迹
#510,酷豹,15,64,88,50,88,50,106,446,0;0;0;0;0;2,22;2,"柔软,轻盈",50?50,90%,地面,"5,120",156,紫色,5、9、16号路、梦之遗迹，[509]20级进化
#511,花椰猴,4,50,53,48,53,48,64,316,0;0;0;0;0;1,22;3,馋鬼,87.5?12.5,190%,地面,"5,120",63,绿色,风车森林、迷失之森（抖草），梦之遗迹NPC赠送
#512,花椰猿,4,75,98,63,98,63,101,498,0;0;0;0;0;2,22;4,馋鬼,87.5?12.5,75%,地面,"5,120",174,绿色,[511]叶之石进化
#513,爆香猴,1,50,53,48,53,48,64,316,0;0;0;0;0;1,22;5,馋鬼,87.5?12.5,190%,地面,"5,120",63,红色,风车森林、迷失之森（抖草），梦之遗迹NPC赠送
#514,爆香猿,1,75,98,63,98,63,101,498,0;0;0;0;0;2,22;6,馋鬼,87.5?12.5,75%,地面,"5,120",174,红色,[513]火之石进化
#515,冷水猴,2,50,53,48,53,48,64,316,0;0;0;0;0;1,22;7,馋鬼,87.5?12.5,190%,地面,"5,120",63,蓝色,风车森林、迷失之森（抖草），梦之遗迹NPC赠送
#516,冷水猿,2,75,98,63,98,63,101,498,0;0;0;0;0;2,22;8,馋鬼,87.5?12.5,75%,地面,"5,120",174,蓝色,[515]水之石进化
#517,食梦梦,10,76,25,45,67,55,24,292,1;0;0;0;0;0,22;9,"读取,同步率",50?50,190%,地面,"2,560",58,粉红,梦之遗迹
#518,梦梦蚀,10,116,55,85,107,95,29,487,2;0;0;0;0;0,22;10,"读取,同步率",50?50,75%,地面,"2,560",170,粉红,梦之遗迹（抖草），每周五在梦之遗迹深处出现一只（通关），[517]月之石进化
#519,豆豆鸽,0;9,50,55,50,36,30,43,264,0;1;0;0;0;0,22;11,"鸽胸,幸运",50?50,255%,飞行,"3,840",53,灰色,3号路、风车森林
#520,咕咕鸽,0;9,62,77,62,50,42,65,358,0;2;0;0;0;0,22;12,"鸽胸,幸运",50?50,120%,飞行,"3,840",125,灰色,6、7、12号路、风车森林、迷失之森、龙旋之塔，[519]21级进化
#521,高傲雉鸡,0;9,80,105,80,65,55,93,478,0;3;0;0;0;0,22;13,"鸽胸,幸运",50?50,45%,飞行,"3,840",215,灰色,6、7、12号路、迷失之森、龙旋之塔（抖草），[520]32级进化
#522,斑斑马,3,45,60,32,50,32,76,295,0;0;0;0;0;1,22;15,"避雷针,电力引擎",50?50,190%,地面,"5,120",59,黑色,3号路
#523,雷电斑马,3,75,100,63,80,63,116,497,0;0;0;0;0;2,22;16,"避雷针,电力引擎",50?50,75%,地面,"5,120",174,黑色,7号路，[522]27级进化
#524,石丸子,12,55,75,85,25,25,15,280,0;0;1;0;0;0,22;17,坚硬,50?50,255%,矿物,"3,840",56,蓝色,地下水脉洞穴
#525,地幔岩,12,70,105,105,50,40,20,390,0;1;1;0;0;0,22;18,坚硬,50?50,120%,矿物,"3,840",137,蓝色,电气石洞穴、螺旋山、吹积洞穴、修行岩屋、试炼之室、巨人洞穴、冠军之路，[524]25级进化
#526,庞岩怪,12,85,135,130,60,70,25,505,0;3;0;0;0;0,22;19,坚硬,50?50,45%,矿物,"3,840",227,蓝色,[525]通信进化
#527,滚滚蝙蝠,10;9,55,45,43,55,43,72,313,0;0;0;0;0;1,22;20,"天然,笨手笨脚",50?50,190%,地面/飞行,"3,840",63,蓝色,电气石洞穴、螺旋山、吹积洞穴、修行岩屋、试炼之室、启导之间、冠军之路
#528,心蝙蝠,10;9,67,57,55,77,55,114,425,0;0;0;0;0;2,22;21,"天然,笨手笨脚",50?50,45%,地面/飞行,"3,840",149,蓝色,[527]亲密进化
#529,螺钉地鼠,8,60,85,40,30,45,68,328,0;1;0;0;0;0,22;22,"挖沙,沙岚之力",50?50,120%,地面,"5,120",66,,地下水脉洞穴、电气石洞穴、螺旋山、吹积洞穴、启导之间（流沙）
#530,龙头地鼠,8;16,110,135,60,50,65,88,508,0;2;0;0;0;0,22;23,"挖沙,沙岚之力",50?50,60%,地面,"5,120",178,,修行岩屋、巨人洞穴、试炼之室、冠军之路（流沙），[529]31级进化
#531,差不多娃娃,0,103,60,86,60,86,50,445,2;0;0;0;0;0,22;24,"治愈之心,再生力",50?50,255%,妖精,"5,120",390,粉红,全地域（抖草）
#532,搬运小匠,6,75,80,55,25,35,35,305,0;1;0;0;0;0,22;26,"根性,全力攻击",75?25,180%,人型,"5,120",61,灰色,风车森林、冷冻仓库
#533,铁骨土人,6,85,105,85,40,50,40,405,0;2;0;0;0;0,22;27,"根性,全力攻击",75?25,90%,人型,"5,120",142,灰色,螺旋山，[532]25级进化
#534,修建老匠,6,105,140,95,55,65,45,505,0;3;0;0;0;0,22;28,"根性,全力攻击",75?25,45%,人型,"5,120",227,褐色,[533]通信进化
#535,圆蝌蚪,2,50,50,40,50,40,64,294,0;0;0;0;0;1,22;29,"湿滑,湿润身体",50?50,255%,水1,"5,120",59,蓝色,风车森林
#536,蓝蟾蜍,2;8,75,65,55,65,55,69,384,2;0;0;0;0;0,23;0,"湿滑,湿润身体",50?50,120%,水1,"5,120",134,蓝色,8号路、雪华市、雪华湿原，[535]25级进化
#537,蟾蜍王,2;8,105,85,75,85,75,74,499,3;0;0;0;0;0,23;1,"湿滑,毒手",50?50,45%,水1,"5,120",225,蓝色,8号路、雪华市、雪华湿原（漩涡），[536]36级进化
#538,投摔鬼,6,120,100,85,30,85,45,465,2;0;0;0;0;0,23;2,"根性,精神力",100?0,45%,人型,"5,120",163,红色,10、15、18号路、风车森林
#539,打击鬼,6,75,125,75,30,75,85,465,0;2;0;0;0;0,23;3,"坚硬,精神力",100?0,45%,人型,"5,120",163,,10、15、18号路、风车森林
#540,虫宝包,11;4,45,53,70,40,60,42,310,0;0;1;0;0;0,23;4,"虫之预感,叶绿素",50?50,255%,虫,"3,840",62,黄色,风车森林
#541,宝包茧,11;4,55,63,90,50,80,42,380,0;0;2;0;0;0,23;5,"绿叶守护,叶绿素",50?50,120%,虫,"3,840",133,绿色,6号路、风车森林、迷失之森，[540]20级进化
#542,保姆虫,11;4,75,103,80,70,70,92,490,0;3;0;0;0;0,23;6,"虫之预感,叶绿素",50?50,45%,虫,"3,840",221,黄色,6号路、迷失之森（抖草），[541]亲密进化
#543,百足蜈蚣,11;7,30,45,59,30,39,57,260,0;0;1;0;0;0,23;7,"毒刺,虫之预感",50?50,255%,虫,"3,840",52,红色,风车森林、迷失之森
#544,车轮球,11;7,40,55,99,40,79,47,360,0;0;2;0;0;0,23;8,"毒刺,虫之预感",50?50,120%,虫,"3,840",126,灰色,风车森林，[543]22级进化
#545,蜈蚣王,11;7,60,90,89,55,69,112,475,0;0;0;0;0;3,23;9,"毒刺,虫之预感 ",50?50,45%,虫,"5,120",214,红色,[544]30级进化
#546,木棉球,4;17,40,27,60,37,50,66,280,0;0;0;0;0;1,23;10,"恶作剧之心,穿透",50?50,190%,植物/妖精,"5,120",56,绿色,风车森林、迷失之森、丰收神社（限黑），七宝市用[548]和NPC交换（限白）
#547,风妖精,4;17,60,67,85,77,75,116,480,0;0;0;0;0;2,23;11,"恶作剧之心,穿透",50?50,75%,植物/妖精,"5,120",168,绿色,风车森林、迷失之森、丰收神社（限黑），[546]太阳石进化
#548,百合根娃娃,4,45,35,50,70,50,30,280,0;0;0;1;0;0,23;12,"叶绿素,自我中心",0?100,190%,植物,"5,120",56,绿色,风车森林、迷失之森、丰收神社（限白），七宝市用[546]和NPC交换（限黑）
#549,裙儿小姐,4,70,60,75,110,75,90,480,0;0;0;2;0;0,23;13,"叶绿素,自我中心",0?100,75%,植物,"5,120",168,,风车森林、迷失之森、丰收神社（限白），[548]太阳石进化
#550,野蛮鲈鱼,2,70,92,65,80,55,98,460,0;0;0;0;0;2,23;14,"舍身,适应力",50?50,25%,水2,"10,240",161,绿色,全水域
#551,黑眼鳄,8;15,50,72,35,35,35,65,292,0;1;0;0;0;0,23;16,"威吓,自信过剩",50?50,180%,地面,"5,120",58,褐色,4号路、沙漠度假村、古代之城
#552,混混鳄,8;15,60,82,45,45,45,74,351,0;2;0;0;0;0,23;17,"威吓,自信过剩",50?50,90%,地面,"5,120",123,褐色,古代之城，[551]29级进化
#553,流氓鳄,8;15,95,117,70,65,70,92,509,0;3;0;0;0;0,23;18,"威吓,自信过剩",50?50,45%,地面,"5,120",229,红色,[552]20级进化
#554,火红不倒翁,1,70,90,45,15,45,50,315,0;1;0;0;0;0,23;19,热烈,50?50,120%,地面,"5,120",63,红色,4号路、沙漠度假村
#555,达摩狒狒,1,105,140,55,30,55,95,480,0;2;0;0;0;0,23;21,全力攻击,50?50,60%,地面,"5,120",168,红色,[554]35级进化
#556,沙铃仙人掌,4,75,86,67,106,67,60,461,0;0;0;2;0;0,23;25,"蓄水,叶绿素",50?50,255%,植物,"5,120",161,绿色,沙漠度假村
#557,石居蟹,11;12,50,65,85,35,35,55,325,0;0;1;0;0;0,23;26,"坚硬,贝壳装甲",50?50,190%,虫/矿物,"5,120",65,红色,18号路、沙漠度假村
#558,岩殿居蟹,11;12,70,95,125,65,75,45,475,0;0;2;0;0;0,23;27,"坚硬,贝壳装甲",50?50,75%,虫/矿物,"5,120",166,红色,18号路，[557]34级进化
#559,滑滑小子,15;6,50,75,70,35,70,48,348,0;1;0;0;0;0,23;28,"脱皮,自信过剩",50?50,180%,地面/龙,"3,840",70,黄色,4号路、沙漠度假村
#560,头巾混混,15;6,65,90,115,45,115,58,488,0;0;1;0;1;0,23;29,"脱皮,自信过剩",50?50,90%,地面/龙,"3,840",171,红色,[559]39级进化
#561,象征鸟,10;9,72,58,80,103,80,97,490,0;0;0;2;0;0,24;0,"奇迹皮肤,魔法防御",50?50,45%,飞行,"5,120",172,黑色,沙漠度假村
#562,哭哭面具,13,38,30,85,55,65,30,303,0;0;1;0;0;0,24;1,木乃伊,50?50,190%,矿物/无定型,"6,400",61,黑色,古代之城
#563,死神棺,13,58,50,145,95,105,30,483,0;0;2;0;0;0,24;3,木乃伊,50?50,90%,矿物/无定型,"6,400",169,黄色,古代之城，[562]34级进化
#564,原盖海龟,2;12,54,78,103,53,45,22,355,0;0;1;0;0;0,24;4,"坚岩,坚硬",87.5?12.5,45%,水1/水3,"7,680",71,蓝色,七宝博物馆使用龟壳化石复活
#565,肋骨海龟,2;12,74,108,133,83,65,32,495,0;0;2;0;0;0,24;5,"坚岩,坚硬",87.5?12.5,45%,水1/水3,"7,680",173,蓝色,[564]37级进化
#566,始祖小鸟,12;9,55,112,45,74,45,70,401,0;1;0;0;0;0,24;6,懦弱,87.5?12.5,45%,飞行/水3,"7,680",71,黄色,七宝博物馆使用羽毛化石复活
#567,始祖大鸟,12;9,75,140,65,112,65,110,567,0;2;0;0;0;0,24;7,懦弱,87.5?12.5,45%,飞行/水3,"7,680",177,黄色,[566]37级进化
#568,破破袋,7,50,50,62,40,62,65,329,0;0;0;0;0;1,24;8,"恶臭,黏着",50?50,190%,矿物,"5,120",66,绿色,5、16号路
#569,灰尘山,7,80,95,82,60,82,75,474,0;2;0;0;0;0,24;9,"恶臭,破碎盔甲",50?50,60%,矿物,"5,120",166,,9号路（抖草），[568]36级进化
#570,索罗亚,15,40,65,40,80,40,65,330,0;0;0;1;0;0,24;11,幻象,87.5?12.5,75%,地面,"6,400",66,灰色,携《幻影的霸者 索罗亚克》配信的雪拉比与飞云市的Game Freak大楼内NPC对话后获得
#571,索罗亚克,15,60,105,60,120,60,105,510,0;0;0;2;0;0,24;12,幻象,87.5?12.5,45%,地面,"5,120",179,灰色,携《幻影的霸者 索罗亚克》配信的闪光的雷公、炎帝或水君在迷失之森内相遇，[570]30级进化
#572,泡沫栗鼠,0,55,50,40,40,40,75,300,0;0;0;0;0;1,24;13,"诱人躯体,技师",25?75,255%,地面,"3,840",60,灰色,5、9、16号路、冷冻仓库
#573,奇诺栗鼠,0,75,95,60,65,60,115,470,0;0;0;0;0;2,24;14,"诱人躯体,技师",25?75,60%,地面,"3,840",165,灰色,5、9、16号路，冷冻仓库（抖草），[572]光之石进化
#574,哥德宝宝,10,45,30,50,55,65,45,290,0;0;0;0;1;0,24;15,读心术,25?75,200%,人型,"5,120",58,紫色,5、16号路（限黑）
#575,哥德小童,10,60,45,70,75,85,55,390,0;0;0;0;2;0,24;16,读心术,25?75,100%,人型,"5,120",137,紫色,9号路（限黑），[574]32级进化
#576,哥德小姐,10,70,55,95,95,110,65,490,0;0;0;0;3;0,24;17,读心术,25?75,50%,人型,"5,120",221,紫色,9号路（抖草、限黑），[575]41级进化
#577,单卵细胞球,10,45,30,40,105,50,20,290,0;0;0;1;0;0,24;18,"防尘,魔法防御",50?50,200%,无定型,"5,120",58,,5、16号路（限白）
#578,双卵细胞球,10,65,40,50,125,60,30,370,0;0;0;2;0;0,24;19,"防尘,魔法防御",50?50,100%,无定型,"5,120",130,绿色,9号路（限白），[577]32级进化
#579,人造细胞卵,10,110,65,75,125,85,30,490,0;0;0;3;0;0,24;20,"防尘,魔法防御",50?50,50%,无定型,"5,120",221,绿色,9号路（抖草、限白），[578]41级进化
#580,鸭宝宝,2;9,62,44,50,44,50,55,305,1;0;0;0;0;0,24;21,"明锐目光,鸽胸",50?50,190%,水1/飞行,"5,120",61,蓝色,帆卷吊桥
#581,舞天鹅,2;9,75,87,63,87,63,98,473,0;0;0;0;0;2,24;22,"明锐目光,鸽胸",50?50,45%,水1/飞行,"5,120",166,白色,奇迹大桥，[580]35级进化
#582,迷你冰,5,36,50,50,65,60,44,305,0;0;0;1;0;0,24;23,冰躯体,50?50,255%,矿物,"5,120",61,白色,6号路（冬季）、冷冻仓库，，龙旋之塔（冬季）
#583,多多冰,5,51,65,65,80,75,59,395,0;0;0;2;0;0,24;24,冰躯体,50?50,120%,矿物,"5,120",138,白色,龙旋之塔（冬季），[582]35级进化
#584,双倍多多冰,5,71,95,85,110,95,79,535,0;0;0;3;0;0,24;25,冰躯体,50?50,45%,矿物,"5,120",241,,[583]47级进化
#585,四季鹿,0;4,60,60,50,40,50,75,335,0;0;0;0;0;1,24;26,"叶绿素,草食性",50?50,190%,地面,"5,120",67,黄色,6、7号路、龙旋之塔
#586,萌芽鹿,0;4,80,100,70,60,70,95,475,0;2;0;0;0;0,25;0,"叶绿素,草食性",50?50,75%,地面,"5,120",166,褐色,龙旋之塔，[585]34级进化
#587,电飞鼠,3;9,55,75,60,75,60,103,428,0;0;0;0;0;2,25;4,静电,50?50,200%,地面,"5,120",150,白色,5-7号路、9-16号路、迷失之森、丰收神社、街桥、巨人洞穴、龙旋之塔（抖草），使用[525]与7号路的NPC交换
#588,盖盖虫,11,50,75,45,40,45,60,315,0;1;0;0;0;0,25;5,"虫之预感,脱皮 ",50?50,200%,虫,"3,840",63,蓝色,6、11号路
#589,骑士蜗牛,11;16,70,135,105,60,105,20,495,0;2;0;0;0;0,25;6,"虫之预感,贝壳装甲",50?50,75%,虫,"3,840",173,灰色,[588]与对方[616]通信交换进化
#590,哎呀球菇,4;7,69,55,45,55,55,15,294,1;0;0;0;0;0,25;7,孢子,50?50,190%,植物,"5,120",59,白色,6、7、10号路
#591,败露球菇,4;7,114,85,70,85,80,30,464,2;0;0;0;0;0,25;8,孢子,50?50,75%,植物,"5,120",162,,10、11号路，[590]39级进化
#592,轻飘飘,2;13,55,40,50,65,85,40,335,0;0;0;0;1;0,25;9,"蓄水,诅咒身体",50?50,190%,无定型,"5,120",67,白色,4、17、18号路、帆卷市、P2
#593,胖嘟嘟,2;13,100,60,70,85,105,60,480,0;0;0;0;2;0,25;11,"蓄水,诅咒身体",50?50,60%,无定型,"5,120",168,白色,4、17、18号路、帆卷市、P2，[592]40级进化
#594,保姆曼波,2,165,75,80,40,45,65,470,2;0;0;0;0;0,25;13,"治愈之心,湿润身体",50?50,75%,水1/水2,"10,240",165,粉红,4、17、18号路、帆卷市、P2
#595,电电虫,11;3,50,47,50,57,50,65,319,0;0;0;0;0;1,25;14,"复眼,紧张感",50?50,190%,虫,"5,120",64,黄色,电气石洞穴
#596,电蜘蛛,11;3,70,77,60,97,60,108,472,0;0;0;0;0;2,25;15,"复眼,紧张感",50?50,75%,虫,"5,120",165,黄色,[595]36级进化
#597,种子铁球,4;16,44,50,91,24,86,10,305,0;0;1;0;0;0,25;16,铁刺,50?50,255%,植物/矿物,"5,120",61,灰色,电气石洞穴
#598,坚果哑铃,4;16,74,94,131,54,116,20,489,0;0;2;0;0;0,25;17,铁刺,50?50,90%,植物/矿物,"5,120",171,灰色,[597]40级进化
#599,齿轮儿,16,40,55,70,45,60,30,300,0;0;1;0;0;0,25;18,"正极,负极",x,130%,矿物,"5,120",60,,电气石洞穴、P2
#600,齿轮组,16,60,80,95,70,85,50,440,0;0;2;0;0;0,25;19,"正极,负极",x,60%,矿物,"5,120",154,,[599]38级进化
#601,齿轮怪,16,60,100,115,70,85,90,520,0;0;3;0;0;0,25;20,"正极,负极",x,30%,矿物,"5,120",234,,[600]49级进化
#602,麻麻小鱼,3,35,55,40,45,40,60,275,0;0;0;0;0;1,25;21,浮游,50?50,190%,无定型,"5,120",55,白色,电气石洞穴
#603,麻麻鳗,3,65,85,70,75,70,40,405,0;2;0;0;0;0,25;22,浮游,50?50,60%,无定型,"5,120",142,蓝色,[602]39级进化
#604,麻麻鳗鱼王,3,85,115,80,105,80,50,515,0;3;0;0;0;0,25;23,浮游,50?50,30%,无定型,"5,120",232,蓝色,[603]雷之石进化
#605,小灰怪,10,55,55,55,85,55,30,335,0;0;0;1;0;0,25;24,"精神感应,同步率",50?50,255%,人型,"5,120",67,蓝色,天堂之塔
#606,大宇怪,10,75,75,75,125,95,40,485,0;0;0;2;0;0,25;25,"精神感应,同步率",50?50,90%,人型,"5,120",170,褐色,14号路，[605]42级进化
#607,烛光灵,13;1,50,30,55,65,55,20,275,0;0;0;1;0;0,25;26,"引火,火焰身躯",50?50,190%,无定型,"5,120",55,,天堂之塔
#608,灯火幽灵,13;1,60,40,60,95,60,55,370,0;0;0;2;0;0,25;27,"引火,火焰身躯",50?50,90%,无定型,"5,120",130,黑色,[607]41级进化
#609,水晶灯火灵,13;1,60,55,90,145,90,80,520,0;0;0;3;0;0,25;28,"引火,火焰身躯",50?50,45%,无定型,"5,120",234,黑色,[608]暗之石进化
#610,牙牙,14,46,87,60,30,40,57,320,0;1;0;0;0;0,25;29,"斗争心,破格",50?50,75%,怪兽/龙,"10,240",64,绿色,吹积洞穴、启导之间
#611,斧牙龙,14,66,117,70,40,50,67,410,0;2;0;0;0;0,26;0,"斗争心,破格",50?50,60%,怪兽/龙,"10,240",144,绿色,冠军之路，[610]38级进化
#612,双斧战龙,14,76,147,90,60,70,97,540,0;3;0;0;0;0,26;1,"斗争心,破格",50?50,45%,怪兽/龙,"10,240",243,黄色,[611]48级进化
#613,喷嚏熊,5,55,70,40,60,40,40,305,0;1;0;0;0;0,26;2,雪遁,50?50,120%,地面,"5,120",61,白色,7号路、螺旋山、龙旋之塔（冬季）
#614,冻原熊,5,95,110,80,70,80,50,485,0;2;0;0;0;0,26;3,雪遁,50?50,60%,地面,"5,120",170,白色,龙旋之塔（冬季），[613]37级进化
#615,几何雪花,5,70,50,30,95,135,105,485,0;0;0;0;2;0,26;4,浮游,x,25%,矿物,"6,400",170,蓝色,螺旋山
#616,小嘴蜗,11,50,40,85,40,65,25,305,0;0;1;0;0;0,26;5,"湿润身体,贝壳装甲",50?50,200%,虫,"3,840",61,红色,8号路、雪华市、雪华湿原
#617,敏捷虫,11,80,70,40,100,60,145,495,0;0;0;0;0;2,26;6,"湿润身体,黏着",50?50,75%,虫,"3,840",173,红色,[616]与对方[588]通信交换进化
#618,泥巴鱼,8;3,109,66,84,81,99,32,471,2;0;0;0;0;0,26;7,"静电,柔软",50?50,75%,水1/无定型,"5,120",165,褐色,8号路、雪华市、雪华湿原
#619,功夫鼬,6,45,85,50,55,50,65,350,0;1;0;0;0;0,26;9,"精神力,再生力",50?50,180%,地面/人型,"6,400",70,黄色,14号路、试炼之室、龙旋之塔、冠军之路
#620,师父鼬,6,65,125,60,95,60,105,510,0;2;0;0;0;0,26;10,"精神力,再生力",50?50,45%,地面/人型,"6,400",179,紫色,14号路，[619]50级进化
#621,赤面龙,14,77,120,90,60,90,48,485,0;2;0;0;0;0,26;11,"鲨皮,全力攻击",50?50,45%,龙/怪兽,"7,680",170,红色,龙旋之塔
#622,泥偶小人,8;13,59,74,50,35,50,35,303,0;1;0;0;0;0,26;12,"铁拳,笨手笨脚",x,190%,矿物,"6,400",61,, 龙旋之塔
#623,泥偶巨人,8;13,89,124,80,55,80,55,483,0;2;0;0;0;0,26;13,"铁拳,笨手笨脚",x,90%,矿物,"6,400",169,,[622]43级进化
#624,驹刀小兵,15;16,45,85,70,40,40,60,340,0;1;0;0;0;0,26;14,"不服输,精神力",50?50,120%,人型,"5,120",68,红色,9、11号路
#625,劈斩司令,15;16,65,125,100,60,70,70,490,0;2;0;0;0;0,26;15,"不服输,精神力",50?50,45%,人型,"5,120",172,红色,11号路，[624]52级进化
#626,爆炸头水牛,0,95,110,95,40,95,55,490,0;2;0;0;0;0,26;16,"舍身,草食性",50?50,45%,地面,"5,120",172,褐色,10号路
#627,毛头小鹰,0;9,70,83,50,37,50,60,350,0;1;0;0;0;0,26;17,"明锐目光,全力攻击",100?0,190%,飞行,"5,120",70,白色,10、11号路、街桥、冠军之路（限白）
#628,勇士雄鹰,0;9,100,123,75,57,75,80,510,0;2;0;0;0;0,26;18,"明锐目光,全力攻击",100?0,60%,飞行,"5,120",179,红色,11号路、街桥（限白），[627]54级进化
#629,秃鹰丫头,15;9,70,55,75,45,65,60,370,0;0;1;0;0;0,26;19,"鸽胸,防尘",0?100,190%,飞行,"5,120",74,褐色,10、11号路、街桥、冠军之路（限黑）
#630,秃鹰娜,15;9,110,65,105,55,95,80,510,0;0;0;2;0;0,26;20,"鸽胸,防尘",0?100,60%,飞行,"5,120",179,褐色,11号路、街桥（限黑），[629]54级进化
#631,熔蚁兽,1,85,97,66,105,66,65,484,0;0;0;2;0;0,26;21,"馋鬼,引火",50?50,90%,地面,"5,120",169,,冠军之路
#632,铁蚁,11;16,58,109,112,48,48,109,484,0;0;2;0;0;0,26;22,"虫之预感,热烈",50?50,90%,虫,"5,120",169,灰色,冠军之路、试炼之室
#633,单首龙,15;14,52,65,50,45,50,38,300,0;1;0;0;0;0,26;23,热烈,50?50,45%,龙,"10,240",60,蓝色,冠军之路
#634,双首暴龙,15;14,72,85,70,65,70,58,420,0;2;0;0;0;0,26;24,热烈,50?50,45%,龙,"10,240",147,蓝色,[633]50级进化
#635,三首恶龙,15;14,92,105,90,125,90,98,600,0;0;0;3;0;0,26;25,浮游,50?50,45%,龙,"10,240",270,蓝色,[634]64级进化
#636,燃烧虫,11;1,55,85,55,50,55,60,360,0;1;0;0;0;0,26;26,火焰身躯,50?50,45%,虫,"10,240",72,白色,18号路屋子内NPC赠送的蛋孵化
#637,火神蛾,11;1,85,60,65,135,105,100,550,0;0;0;3;0;0,26;27,火焰身躯,50?50,15%,虫,"10,240",248,白色,古代之城触发剧情后来到最深的第七层捕捉，[636]59级进化
#638,勾帕路翁,16;6,91,90,129,90,72,108,580,0;0;3;0;0;0,26;28,正义之心,x,3%,不能生蛋,"20,480",261,蓝色,电气石洞穴入口前草地冲浪，往右，到达吹积洞穴的最深处引导之间捕捉
#639,代拉基翁,12;6,91,129,90,72,90,108,580,0;3;0;0;0;0,26;29,正义之心,x,3%,不能生蛋,"20,480",261,灰色,捕捉到[638]后，冠军之路出口靠左的洞口进入，最深处试炼之室捕捉
#640,毕力吉翁,4;6,91,90,72,90,129,108,580,0;0;0;0;3;0,27;0,正义之心,x,3%,不能生蛋,"20,480",261,绿色,捕捉到[638]后，风车森林中段右边缺口进入，再进入大树间，最深处思索之原捕捉
#641,龙卷云,9,79,115,70,125,80,111,580,0;3;0;0;0;0,27;1,恶作剧之心,100?0,3%,不能生蛋,"30,720",261,绿色,听到暴风雨的消息后前往7号路发生剧情，白天出现在南部，晚上出现在北部（限黑）
#642,雷电云,3;9,79,115,70,125,80,111,580,0;3;0;0;0;0,27;3,恶作剧之心,100?0,3%,不能生蛋,"30,720",261,蓝色,听到暴风雨的消息后前往7号路发生剧情，白天出现在南部，晚上出现在北部（限白）
#643,莱希拉姆,14;1,100,120,100,150,120,90,680,0;0;0;3;0;0,27;5,'Taabobureizu',x,45%,不能生蛋,"30,720",306,白色,打完4大天王剧情进行到等离子团城堡时捕捉（限黑），通关后出现在龙旋之塔七层
#644,捷克罗姆,14;3,100,150,120,120,100,90,680,0;3;0;0;0;0,27;6,'Teraboruteeji',x,45%,不能生蛋,"30,720",306,黑色,打完4大天王剧情进行到等离子团城堡时捕捉（限白），通关后出现在龙旋之塔七层
#645,土地云,8;9,89,125,90,115,80,101,600,0;0;0;3;0;0,27;7,沙岚之力,100?0,3%,不能生蛋,"30,720",270,褐色,身上同时携带[641]和[642]，前往丰收神社捕捉
#646,酋雷姆,14;5,125,130,90,130,90,95,660,1;1;0;1;0;0,27;9,压力,x,3%,不能生蛋,"30,720",297,,巨人洞穴深处
#647,凯路迪欧,2;6,91,72,90,129,90,108,580,0;0;0;3;0;0,27;12,正义之心,x,3%,不能生蛋,"20,480",261,黄色,——
#648,美洛耶塔,0;10,100,77,77,128,128,90,600,0;0;0;1;1;1,27;14,天之恩赐,x,3%,不能生蛋,"30,720",270,,——
#649,盖诺赛克特,11;16,71,120,95,120,95,99,600,0;1;0;1;0;1,27;16,下载,x,3%,不能生蛋,"30,720",270,紫色,——
